{"current":{"license":"0d6f048b-e5e3-4f5d-a127-dab88255026b","supportcode":"Demo 1","share_image":"shopify:\/\/shop_images\/NEW_LOGO_TEAL_-_Logo_New_Teal_1.png","use_favicon":true,"favicon":"shopify:\/\/shop_images\/NEW_LOGO_TEAL_-_Logo_New_Teal_1.png","show_preloader":false,"use_boxed":false,"use_rtl":false,"show_breadcrumbs":true,"breadcrumbs_fullwidth":true,"catalogue_mode":false,"show_footer_instagram_section":true,"show_back_to_top_button":true,"small_roundness":2,"big_roundness":6,"small_pr_roundness":2,"big_pr_roundness":6,"terms_cond_checkbox_show":true,"terms_cond_checkbox_text":"I agree with the terms and conditions","ajax_addtocart":true,"show_wishlist":true,"show_compare":true,"buy_in_one_click":true,"use_countdown_timezone":true,"countdown_timezone":"US\/Arizona","show_addtocart_popup":true,"show_addtocart_popup_related":true,"selectedreviewaapp":"default","show_emptyreview":true,"all_links_is_external":false,"menu_links_is_external":false,"external_links_is_external":false,"some_code_field":"","first_variant_column_is_image":true,"use_in_the_small_products":true,"show_unavailable_variants":true,"show_helper":true,"helper_info":"\/\/cdn.shopify.com\/s\/files\/1\/0073\/3826\/2594\/t\/1\/assets\/wokiee_v1.5.0.js?43","body_weight":300,"fontboldvalue":500,"menu_font_weight":500,"block_titles_uppercase":true,"font1_is_google_font":false,"font_name1":"Hind","font2_is_google_font":true,"font_name2":"Hind","use_shopify_font_title":false,"type_header_font":"work_sans_n6","use_shopify_font_content":false,"type_header_font_2":"work_sans_n6","menu_font_family":"Hind Medium","buttons_font_family":"Work Sans Semi-Bold","cat_font_family":"Work Sans Semi-Bold","google_font_links":"","google_font_styles":"","main_texts":"14","main_textslh":"22","mainpad_01":"52","mainpad_01_footer":"52","mainpad_02":"43","mainpad_03":"33","menuf_s":"20","menul_s":"0","menus_s":"8","menus_s2":"8","menus_icons_f_s":"20","titlef_d":"24","titlel_h":"31","titlel_ls":"0","titlef_d_m":"24","titlel_h_m":"31","titled_ma":"2","titled_fontname":"","titledf_d":"16","titledl_h":"24","titledl_ls":"0","titledf_d_m":"16","titledl_h_m":"24","titledl_w":500,"titled_co":"#191919","col_titlef_d":"24","col_titlel_h":"34","col_titlel_ls":"0","col_titlef_d_m":"24","col_titlel_h_m":"34","pro_titlef_d":"30","pro_titlel_h":"40","pro_titlel_ls":"0","pro_titlef_d_m":"30","pro_titlel_h_m":"40","pro_pricef_d":"30","pro_pricel_h":"40","pro_pricef_d_m":"30","pro_pricel_h_m":"40","prosl_titlef_d":"16","prosl_titlel_h":"26","prosl_titlel_ls":"0","prosl_titlef_d_m":"16","prosl_titlel_h_m":"26","pro_tabs_titlef_d":"14","pro_tabs_titlel_h":"26","pro_tabs_titlel_ls":"0","pro_tabs_titlef_d_m":"14","pro_tabs_titlel_h_m":"26","pro_coltabs_titlef_d":"16","pro_coltabs_titlel_h":"26","pro_coltabs_titlel_ls":"0","pro_coltabs_titlef_d_m":"16","pro_coltabs_titlel_h_m":"26","prtumb_main_pa":"16","prtumb_vendor_fs":"12","prtumb_vendor_lh":"19","prtumb_title_fontname":"","prtumb_title_margin":"0","prtumb_title_fs":"14","prtumb_title_lh":"22","prtumb_title_fw":400,"prtumb_price_fontname":"","prtumb_price_margin":"0","prtumb_price_fs":"15","prtumb_price_lh":"20","prtumb_price_fw":500,"prtumb_button_fw":400,"prtumb_button_ls":"0","prtumb_button_margin":"12","prtumb_button_fs":"14","prtumb_button_minheight":"40","prtumb_button_padding":"4px 16px 11px","prtumb_button_fs_m":"14","prtumb_button_minheight_m":"35","prtumb_button_padding_m":"0px 18px 6px","prtumb_smdesc_fontname":"","prtumb_smdesc_margin":"7","prtumb_smdesc_fs":"14","prtumb_smdesc_lh":"18","prtumb_smdesc_fw":300,"footer_position_1":"footer-template","footer_position_2":"none","footer_position_3":"none","footer_position_4":"none","footer_position_5":"none","footer_text":"14","footer_text_lh":"22","show_titles_footer":true,"show_titles_subscribe":true,"footer_title_padding":"15","footer_title":"16","footer_title_lh":"26","footer_title_ls":"0","footer_links":"14","footer_links_lh":"22","footer_links_ls":"0","footer_copy":"14","footer_copy_lh":"22","footer_copy_ls":"0","color_body_html":"#f5efe6","color_body":"#f5efe6","color_base":"#6b8c9e","color_dark":"#191919","color_body_texts":"#777777","color_body_second":"#999999","color_additional_fields":"#cc7350","color_line":"#e9e7e7","color_review_empty":"#d6d6d6","color_review":"#ffb503","pr_tabs_color":"#999999","pr_tabs_color_hover":"#191919","col_tabs_color":"#191919","col_tabs_color_hover":"#cc7350","color_btt_bg":"#cc7350","color_btt_arr":"#cc7350","color_btt_bg_hover":"#cc7350","color_btt_arr_hover":"#cc7350","color_btt_opacity":"0.75","def_btn_letsp":"0.03","def_btn_font_size":14,"def_formtext_font_size":14,"def_btn_height":40,"def_btn_paddingtop":6,"def_btn":"#6b8c9e","def_btntext":"#ffffff","def_btnhover":"#2267d8","def_btntexthover":"#ffffff","def_custom_styles":"","def_custom_styles_hover":"","def_btnborder":"#f5efe6","def_btnborder_border":"#2267d8","def_btnbordertext":"#2267d8","def_btnborderhover":"#2267d8","def_btnborderhover_border":"#2267d8","def_btnbordertexthover":"#ffffff","bo_def_custom_styles":"","bo_def_custom_styles_hover":"","def_btn_font_size_modal":14,"def_btn_height_modal":40,"modal_def_custom_styles":"","modal_def_custom_styles_hover":"","modal_def_custom_styles_bo":"","modal_def_custom_styles_hover_bo":"","prpageaddtocart_text":14,"prpageaddtocart_height":50,"prpageaddtocart_text_count":14,"prpageaddtocart":"","prpageaddtocart_hover":"","prpageaddtocart_icon":"","prpageaddtocart_icon_hover":"","bn_btn":"#f8dc68","bn_btntext":"#191919","bn_btnhover":"#dfc65d","bn_btntexthover":"#191919","buynow_def_custom_styles_bo":"","buynow_modal_def_custom_styles_hover_bo":"","links_btn_service":"","links_btn_service_hover":"","links_btn_service_icon":"","links_btn_service_icon_hover":"","links_btn_service_padding":false,"links_wl_co":"","links_wl_co_hover":"","links_wl_co_icon":"","links_wl_co_icon_color":"#cc7350","links_wl_co_icon_color_hover":"#191919","cartpagecheckout_text":14,"cartpagecheckout_height":50,"cartpagecheckout":"","cartpagecheckout_hover":"","showmore_styles":"","showmore_styles_hover":"","showmore_styles_none":"","color_inf_bar_bg":"#bf0a30","color_inf_bar_text":"#ffffff","color_inf_bar_link":"#cc7350","color_inf_bar_close":"#777777","color_inf_bar_close_hover":"#cc7350","bread_bg":"#f5efe6","bread_text":"#777777","color_top_bar_bg":"#303030","color_top_bar_text":"#6b8c9e","color_top_bar_icons":"#ffffff","color_top_bar_social":"#6b8c9e","color_top_bar_social_hover":"#6b8c9e","color_header_bg":"#f5efe6","color_linemobile":"#e9e7e7","color_header_menu":"#191919","color_header_menu_hover":"#cc7350","color_header_menu_arrow":"#6b8c9e","color_header_menu_arrow_hover":"#6b8c9e","color_header_dp":"#f5efe6","color_header_dp_title":"#191919","color_header_dp_text":"#6b8c9e","summenulinksunderlinehover":false,"color_header_dp_title_hover":"#cc7350","color_header_dp_text_hover":"#cc7350","color_header_icons":"#191919","color_header_icons_hover":"#cc7350","color_header_icons_dp":"#f5efe6","color_header_icons_dp_text":"#777777","color_header_icons_dp_icons":"#191919","color_header_icons_dp_searchcart":"#cdcdcd","color_header_search_bg":"#f5efe6","color_header_search_btnclose":"#777777","color_header_search_btnsearch":"#191919","color_header_search_text":"#191919","color_header_search_addtext":"#777777","color_header_search_line":"#eceaea","color_header_search_bg2":"#f5efe6","color_header_search_border2":"#e9e7e7","color_header_search_text2":"#777777","color_header_search_bg2a":"#ffffff","color_header_search_border2a":"#e9e7e7","color_header_search_text2a":"#777777","color_header_search_btn2":"#999999","color_header_search_btntext2":"#ffffff","color_header_search_btnhover2":"#cc7350","color_header_search_btntexthover2":"#ffffff","color_header_search_icon2":"#191919","cat_def_btn":"#cc7350","cat_def_btntext":"#ffffff","cat_def_btnhover":"#cc7350","cat_def_btntexthover":"#ffffff","cat_def_drop_bg":"#6b8c9e","cat_def_drop_icon":"#e9e7e7","cat_def_drop_line":"#e9e7e7","cat_def_drop_text":"#777777","cat_def_drop_text_hover":"#191919","cat_def_drop_text_icon":"#777777","cat_def_drop_text_icon_hover":"#191919","cat_slogan_text":"#777777","cat_slogan_icon":"#cc7350","color_header_sticky_bg":"#f5efe6","color_header_sticky_menu":"#191919","color_header_sticky_menu_hover":"#cc7350","color_header_sticky_icons":"#191919","color_header_sticky_icons_hover":"#cc7350","color_header_mobile_bg":"#ffffff","color_header_mobile_line":"#e9e7e7","color_header_mobile_close_btn":"#777777","color_header_mobile_link":"#191919","color_header_mobile_cart_text":"#777777","color_header_mobile_cart_icon":"#cdcdcd","color_header_mobile_search_bg":"#ffffff","color_header_mobile_search_btnclose":"#777777","color_header_mobile_search_btnsearch":"#cc7350","color_header_mobile_search_text":"#777777","color_header_menu_bg":"#191919","color_header_menu_item_simple":"#191919","color_header_menu_item_simple_hover":"#cc7350","color_header_menu_bg_item":"#cc7350","color_header_menu_bg_item_text":"#f5efe6","menu_font_weight_3":300,"head3_nav_line_c":"#ffffff","head3_main_text_c":"#777777","head3_links_text_c":"#191919","head3_links_text_c_hover":"#cc7350","head3_line_c":"#e9e7e7","page_cat_def_drop_bg":"#ffffff","page_cat_def_drop_icon":"#e9e7e7","page_cat_def_drop_line":"#e9e7e7","page_cat_def_drop_line_b":"#e9e7e7","page_cat_def_drop_text":"#777777","page_cat_def_drop_text_hover":"#191919","page_cat_def_drop_text_icon":"#777777","page_cat_def_drop_text_icon_hover":"#191919","head4_top_bar_color":"#f7f8fa","head4_top_bar_line_show":true,"head4_top_bar_line":"#e9e7e7","head4_top_bar_currency_color":"#191919","head4_top_bar_currency_color_hover":"#2879fe","head4_top_bar2_height":"89","head4_top_bar2_padding":"0","head4_top_bar2_color":"#ffffff","head4_top_bar2_line_show":true,"head4_top_bar2_line":"#e9e7e7","head4_top_bar_between_color":"#777777","head4_top_bar_user_color":"#cc7350","head4_top_bar_user_color_hover":"#191919","head4_menuwithicons_font_weight":400,"head4_menuwithicons_background_color_main":"rgba(0,0,0,0)","head4_menuwithicons_height":"116","head4_menuwithicons_radius":0,"head4_menuwithicons_radius_dd":0,"head4_menuwithicons_background_color":"rgba(0,0,0,0)","head4_menuwithicons_border_size":0,"head4_menuwithicons_border_color":"#ffffff","head4_menuwithicons_icon_color":"#999999","head4_menuwithicons_color":"#191919","head4_menuwithicons_background_color_hover":"#cc7350","head4_menuwithicons_border_color_hover":"#cc7350","head4_menuwithicons_icon_color_hover":"#ffffff","head4_menuwithicons_color_hover":"#ffffff","head4_menuwithicons_radius_stuck":0,"head4_menuwithicons_background_color_stuck":"#ffffff","head4_menuwithicons_border_size_stuck":0,"head4_menuwithicons_border_color_stuck":"#ffffff","head4_menuwithicons_color_stuck":"#191919","head4_menuwithicons_background_color_hover_stuck":"#cc7350","head4_menuwithicons_border_color_hover_stuck":"#cc7350","head4_menuwithicons_color_hover_stuck":"#ffffff","menu_font_weight_1":300,"menu_font_weight_2":400,"head3_mob_co":"#ffffff","head3_info_c":"#191919","head3_info_c_mobile":"#191919","head3_co_i_c":"#2879fe","head3_co_t_c":"#191919","head3_co_i_c_hover":"#191919","head3_co_t_c_hover":"#191919","head3_co_bc_c":"#2879fe","head3_co_bt_c":"#ffffff","head3_wl_i_c":"#2879fe","head3_wl_t_c":"#191919","head3_wl_i_c_hover":"#191919","head3_wl_t_c_hover":"#191919","head3_wl_bc_c":"#2879fe","head3_wl_bt_c":"#ffffff","head3_ca_i_c":"#2879fe","head3_ca_t_c":"#191919","head3_ca_i_c_hover":"#191919","head3_ca_t_c_hover":"#191919","head3_ca_bc_c":"#2879fe","head3_ca_bt_c":"#ffffff","color_footer_main_form_padding":true,"color_footer_main_form_round":true,"color_footer_subscribe_bg":"#cc7350","color_footer_subscribe_text":"#ffffff","color_footer_subscribe_social":"#ffffff","color_footer_subscribe_socialhover":"#303030","color_footer_subscribe_form_bg":"#f5efe6","color_footer_subscribe_form_border":"#f5efe6","color_footer_subscribe_form_border_s":0,"color_footer_subscribe_form_text":"#777777","color_footer_subscribe_form_bg_a":"#f5efe6","color_footer_subscribe_form_border_a":"#f5efe6","color_footer_subscribe_form_border_s_a":0,"color_footer_subscribe_form_text_a":"#777777","color_footer_subscribe_form_btn":"#f5efe6","color_footer_subscribe_form_btntext":"#6b8c9e","color_footer_subscribe_form_btnhover":"#ffb503","color_footer_subscribe_form_btntexthover":"#6b8c9e","styles_footer_subscribe_form_btn":"","styles_footer_subscribe_form_btn_hover":"","footer_top_line_height":"0","footer_top_line":"#e9e7e7","color_footer_main_bg":"#f5efe6","color_footer_main_text":"#888888","color_footer_main_textselected":"#191919","color_footer_main_textlink":"#cc7350","color_footer_main_textlinkhover":"#cc7350","color_footer_main_titles":"#191919","color_footer_main_links":"#777777","color_footer_main_linkshover":"#cc7350","footer_main_links_underline_hover":true,"color_footer_main_form_bg":"#ffffff","color_footer_main_form_bo":"#e9e7e7","color_footer_main_form_bo_s":1,"color_footer_main_form_text":"#777777","color_footer_main_form_bg_a":"#ffffff","color_footer_main_form_bo_a":"#cc7350","color_footer_main_form_bo_s_a":1,"color_footer_main_form_text_a":"#777777","color_footer_main_social":"#777777","color_footer_main_socialhover":"#ffffff","color_footer_main_btn":"#cc7350","color_footer_main_bo":"#cc7350","color_footer_main_btntext":"#ffffff","color_footer_main_btnhover":"#191919","color_footer_main_bohover":"#191919","color_footer_main_btntexthover":"#ffffff","styles_footer_main_bo":"","styles_footer_main_bo_hover":"","color_footer_mobile_bg":"#ffffff","color_footer_mobile_text":"#888888","color_footer_mobile_textselected":"#191919","color_footer_mobile_textlink":"#cc7350","color_footer_mobile_textlinkhover":"#cc7350","color_footer_mobile_titles":"#191919","color_footer_mobile_titleshover":"#cc7350","color_footer_mobile_titlesicon":"#777777","color_footer_mobile_titlesline":"#e9e7e7","color_footer_mobile_links":"#888888","color_footer_mobile_form_bg":"#ffffff","color_footer_mobile_form_bo":"#e9e7e7","color_footer_mobile_form_bo_s":1,"color_footer_mobile_form_text":"#777777","color_footer_mobile_form_bg_a":"#ffffff","color_footer_mobile_form_bo_a":"#cc7350","color_footer_mobile_form_text_a":"#777777","color_footer_mobile_social":"#777777","color_footer_mobile_socialhover":"#191919","color_footer_mobile_btn":"#cc7350","color_footer_mobile_bo":"#cc7350","color_footer_mobile_btntext":"#ffffff","color_footer_mobile_btnhover":"#2267d8","color_footer_mobile_bohover":"#191919","color_footer_mobile_btntexthover":"#ffffff","styles_footer_mobile_main_bo":"","styles_footer_mobile_main_bo_hover":"","color_footer_copyright_bg":"#f5efe6","color_footer_copyright_text":"#888888","color_footer_copyright_textlogo":"#f5efe6","color_footer_copyright_totop":"#cc7350","prprage_base_price":"#cc7350","prprage_new_price":"#f8353e","prprage_sale_price":"#cc7350","prprage_zoom_bg":"#ffffff","prprage_zoom_text":"#191919","prprage_zoom_bgh":"#cc7350","prprage_zoom_texth":"#ffffff","gallery_zoom_image_arrows_bg":"#f7f8fa","gallery_zoom_image_arrows_arr":"#191919","gallery_zoom_image_arrows_bg_hover":"#cc7350","gallery_zoom_image_arrows_arr_hover":"#ffffff","gallery_zoom_thumb_arrows_bg":"#f7f8fa","gallery_zoom_thumb_arrows_arr":"#191919","gallery_zoom_thumb_arrows_bg_hover":"#cc7350","gallery_zoom_thumb_arrows_arr_hover":"#ffffff","gallery_mobile_thumb_arrows_bg":"#f7f8fa","gallery_mobile_thumb_arrows_arr":"#191919","gallery_mobile_thumb_arrows_bg_hover":"#cc7350","gallery_mobile_thumb_arrows_arr_hover":"#ffffff","gallery_mobile_thumb_dots_bg":"#e9e7e7","gallery_mobile_thumb_dots_border":"#e9e7e7","gallery_mobile_thumb_dots_bg_hover":"#f7f8fa","gallery_mobile_thumb_dots_border_hover":"#e9e7e7","gallery_mobile_thumb_dots_bg_active":"#191919","gallery_mobile_thumb_dots_border_active":"#191919","prpage_media_play_bg":"#cc7350","prpage_media_play_icon":"#ffffff","prpage_media_play_bg_hover":"#2267d8","prpage_media_play_icon_hover":"#ffffff","prpage_media_3d_bg":"#f7f8fa","prpage_media_3d_border":"#e9e7e7","prpage_media_3d_icon":"#cc7350","prpage_media_item_border_color":"#e9e7e7","icon_new_bg_color":"#03a9f5","icon_new_text_color":"#ffffff","icon_sale_bg_color":"#f8353e","icon_sale_text_color":"#ffffff","icon_featured_bg_color":"#fdbc20","icon_featured_text_color":"#ffffff","icon_soldout_bg_color":"#191919","icon_soldout_text_color":"#ffffff","def_product_countdown":"rgba(255,255,255,0.9)","def_product_countdown_opacity":"90","def_product_countdowntext":"#cc7350","def_product_vendor":"#999999","def_product_name":"#191919","def_product_name_hover_color":"#cc7350","def_product_name_hover":false,"def_product_descname":"#999999","def_product_price":"#191919","def_product_pricenew":"#f8353e","def_product_priceold":"#191919","def_product_btn":"#cc7350","def_product_border_width":0,"def_product_border":"#cc7350","def_product_btntext":"#ffffff","def_product_btntext_icon":"#ffffff","def_product_btnhover":"#2267d8","def_product_borderhover":"#191919","def_product_btntexthover":"#ffffff","def_product_btntexthover_icon":"#ffffff","thumbaddtocart":"","thumbaddtocart_hover":"","thumbaddtocart_icon":"","thumbaddtocart_hover_icon":"","thumbaddtocart_mobile":"","thumbaddtocart_hover_mobile":"","thumbaddtocart_icon_mobile":"","thumbaddtocart_hover_icon_mobile":"","def_product_qvbg":"rgba(255, 255, 255, 0.9)","def_product_qvbg_opacity":"90","def_product_qvtext":"#191919","def_product_qvbghover":"#cc7350","def_product_qvbghover_opacity":"90","def_product_qvtexthover":"#ffffff","def_product_qv":"#191919","def_product_qvhover":"#cc7350","hidden_product_bg":"#f7f8fa","hidden_product_vendor":"#191919","hidden_product_name":"#191919","hidden_product_price":"#191919","hidden_product_pricenew":"#f8353e","hidden_product_priceold":"#191919","hidden_product_linkadd":"#cc7350","hidden_product_active":"#000000","hidden_product_active_border_color":"#cc7350","hidden_product_active_border_width":"0","satc_show":true,"satc_bg_color":"#0f0f0f","satc_title_color":"#ffffff","satc_price_color":"#ffffff","satc_price_new_color":"#f8353e","satc_price_old_color":"#ffffff","satc_fields_color":"#414141","satc_fields_text_color":"#ffffff","satc_fields_textnot_color":"#888888","satc_btn_color":"#cc7350","satc_btntext_color":"#ffffff","satc_btn_color_hover":"#2267d8","satc_btntext_color_hover":"#ffffff","satc_btnsold_color":"#284685","satc_btntextsold_color":"#ffffff","satc_btnsold_custom":"","satc_btnsold_custom_hover":"","header_design":"header_type_1","search_is_open":false,"use_submemu_arrows":true,"use_header_inline":false,"header_position":false,"header_static_content_color":"#ffffff","header_static_content_color_active":"#cc7350","show_static_logo":true,"use_featured_image":true,"use_imagehover":false,"hideallelementsonindex":false,"products_design":"default","center_product_information":true,"show_product_without_hover":false,"use_scale_product_image":false,"notsamewidth":false,"product_scale_height":"200","product_container_scale_height":"200","new_product_period":"3","show_sale_badge_product":true,"product_item_show_cart":true,"product_item_show_quickview":true,"product_item_show_wishlist":true,"product_item_show_compare":true,"product_item_show_rating":true,"show_product_countdown":true,"show_product_vendor":true,"show_product_type":true,"show_product_options":true,"thumbnails_options_design":"default","truncate_product_title":true,"truncate_product_title_w":"2","truncate_product_title_s":"...","quickview_sku":true,"quickview_availability":true,"quickview_rating":true,"quickview_vendor":true,"quickview_type":true,"quickview_barcode":true,"designoption1":"getButtonHtml","designoption2":"getButtonHtml","designoption3":"getButtonHtml","quickview_desc_show":true,"truncate_product_description":"30","truncate_product_description_last_symbols":"...","pagination_limit":"9","products_in_one_row":false,"use_one_row_in_theme":true,"products_in_column":"4","enable_infinite_scroll":"autoscroll","no_products":"No Products","show_collection_description":true,"show_collection_title":true,"show_collection_products_count":true,"show_perpage":true,"sidebar":"leftColumn","prrange_showbuttons":true,"prrange_size":20,"prrange_lineheight":2,"tooltips_clear_section":true,"show_filtergroup1":false,"tooltips_filtergroup1":true,"open_filtergroup1":true,"design_filtergroup1":"default","title_filtergroup1":"PRODUCT TYPE","filtergroup1":"Bag,\nBeld,\nCardigan,\nDress,\nHat,\nJacket,\nJeans,\nPolo,\nShirt,\nShoes,\nSunglasses,\nSweater","show_filtergroup2":false,"tooltips_filtergroup2":true,"open_filtergroup2":true,"design_filtergroup2":"color","title_filtergroup2":"COLOR","filtergroup2":"Blue,\nGreen,\nGrey,\nLight Blue,\nOrange,\nRed","show_filtergroup3":false,"tooltips_filtergroup3":true,"open_filtergroup3":true,"design_filtergroup3":"button","title_filtergroup3":"SIZE","filtergroup3":"S,\nM,\nX,\nXL,\nXM,\nL","show_filtergroup4":false,"tooltips_filtergroup4":true,"open_filtergroup4":true,"design_filtergroup4":"button","title_filtergroup4":"Group","filtergroup4":"tag3","show_filtergroup5":false,"tooltips_filtergroup5":true,"open_filtergroup5":true,"design_filtergroup5":"default","title_filtergroup5":"PRICE","filtergroup5":"$10-$100,\n$100-$200,\n$200-$300,\n$300-$400,\n$400-$500","show_filtergroup6":false,"tooltips_filtergroup6":true,"open_filtergroup6":true,"design_filtergroup6":"default","title_filtergroup6":"VENDOR","filtergroup6":"Gap,\nGuess,\nLacoste,\nLevi's,\nPolo,\nZara","show_filtergroup7":false,"tooltips_filtergroup7":true,"open_filtergroup7":true,"design_filtergroup7":"inrow","title_filtergroup7":"TAGS","filtergroup7":"Vintage, Awesome, Summer, Beachwear, Sunglasses, Winter, Shorts, Cool, Nice","show_filtergroup8":false,"tooltips_filtergroup8":true,"open_filtergroup8":true,"design_filtergroup8":"default","title_filtergroup8":"Group","filtergroup8":"","show_filtergroup9":false,"tooltips_filtergroup9":true,"open_filtergroup9":true,"design_filtergroup9":"default","title_filtergroup9":"Group","filtergroup9":"","show_filtergroup10":false,"tooltips_filtergroup10":true,"open_filtergroup10":true,"design_filtergroup10":"default","title_filtergroup10":"Group","filtergroup10":"","show_collectionstab":true,"open_collectionstab":true,"collectionstab_title":"COLLECTIONS","collectionstab_links":"collections","show_collectionsbanner":true,"collectionsbannerurl":"shopify:\/\/products\/wokiee-theme","collectionsbannertitle":"","collectionsbannerdesc":"","product_colors":"coat: #ff0000,\nyellow: #ffff00,\nblack: #4D4D4D,\nblue: #2196F3,\ngreen: #8BC34A,\npurple: #800080,\nsilver: #c0c0c0,\nwhite: #ffffff,\nbrown: #A3794D,\nlight-brown: #feb035,\ndark-turquoise: #23cddc,\norange: #FEA634,\ntan: #eacea7,\nviolet: #EE82EE,\npink: #FFC0CB,\ngrey: #C0C0C0,\nred: #ff0000,\nlight blue: #add8e6,\nbeige: #FBDBB5","shopby_color_filter_border":"White","image_options_count":0,"filter_color1":"Material 1","filter_color2":"Material 2","filter_color3":"Material 3","filter_color4":"","filter_color5":"","filter_color6":"","filter_color7":"","filter_color8":"","filter_color9":"","filter_color10":"","filter_color11":"","filter_color12":"","filter_color13":"","filter_color14":"","filter_color15":"","filter_color16":"","filter_color17":"","filter_color18":"","filter_color19":"","filter_color20":"","filter_color21":"","filter_color22":"","filter_color23":"","filter_color24":"","filter_color25":"","filter_color26":"","filter_color27":"","filter_color28":"","filter_color29":"","filter_color30":"","filter_color31":"","filter_color32":"","filter_color33":"","filter_color34":"","filter_color35":"","filter_color36":"","filter_color37":"","filter_color38":"","filter_color39":"","filter_color40":"","filter_color41":"","filter_color42":"","filter_color43":"","filter_color44":"","filter_color45":"","filter_color46":"","filter_color47":"","filter_color48":"","filter_color49":"","filter_color50":"","use_mailchimp_form":true,"mailchimp_form_action":"456456456","popup_newsletter_show":false,"use_as_simple_popup":true,"nws_modal_bg_color1":"#c928fe","nws_modal_bg_color2":"#2b0e80","nws_modal_br_opacity":"0.97","show_background_top_image":false,"show_background_left_image":false,"nws_modal_br_color":"#ffffff","nws_modal_text_color":"#191919","nws_modal_notshowmsg_color":"#191919","popup_newsletter_image_show":true,"popup_newsletter_image_fullwidth":false,"popup_newsletter_content_center":false,"popup_newsletter_title":"Lucky You!","popup_newsletter_title_2":"Want an Instant","popup_newsletter_description":"10% OFF?","popup_newsletter_button":"JOIN US","popup_newsletter_question":"Don’t show this popup again","popup_newsletter_formmsg":"Enter please your e-mail","popup_newsletter_custom_html":"@media (max-width: 1024px){\n.ModalnewsletterSimple .btn{\n    flex-direction: column;\n}\n.ModalnewsletterSimple .btn span{\ndisplay: block;\nfont-size: 33px;\npadding-bottom: 4px;\n}\n}","popup_newsletter_svg_image_show":true,"popup_newsletter_svg_image":"<svg width=\"99\" height=\"98\" viewbox=\"0 0 99 98\" fill=\"none\" xmlns=\"http:\/\/www.w3.org\/2000\/svg\">\n<path id=\"btnsvg-fire\" d=\"M24.532 73.4679C29.156 78.0919 29.156 85.6886 24.532 90.3128C19.908 94.9367 6.28343 100.965 1.65944 96.3406C-2.96456 91.7166 3.06309 78.0921 7.68729 73.4682C12.3113 68.844 19.8254 68.844 24.532 73.4679Z\" fill=\"#FFEC54\"><\/path>\n<path d=\"M57.2902 40.7426C69.141 52.5933 71.4971 69.4336 60.2702 80.6605L54.9339 85.9968C43.707 97.2237 51.4689 70.2652 39.6182 58.4145C27.7675 46.5638 0.739632 54.395 12.0359 43.0987L17.3721 37.7625C28.5992 26.5357 45.4395 28.892 57.2902 40.7426Z\" fill=\"url(#paint0_linear)\"><\/path>\n<path fill-rule=\"evenodd\" clip-rule=\"evenodd\" d=\"M76.4175 50.1685C98.5249 27.9917 100.119 5.12209 96.515 1.51838C92.9113 -2.15449 70.1108 -0.491291 48.0036 21.6159C33.6581 36.0308 28.5297 45.1787 28.5297 45.1787C21.946 54.8118 26.4505 59.4551 32.5492 65.5536C38.6479 71.6521 43.291 76.0875 52.924 69.5731C52.924 69.5731 62.0026 64.514 76.4175 50.1685Z\" fill=\"white\"><\/path>\n<path d=\"M46.2285 60.1373L35.6574 54.7233L38.0461 52.3345L41.3748 54.2711C42.2056 54.7645 42.9471 55.2212 43.5991 55.6412C44.2406 56.0506 44.6717 56.3447 44.8925 56.5233L45.2394 56.7753C44.6827 56.0709 43.8796 54.7511 42.8302 52.8158L40.9727 49.4079L42.9659 47.4147L46.3579 49.288C47.2204 49.7708 47.9829 50.2169 48.6454 50.6264C49.2974 51.0253 49.7391 51.3088 49.9704 51.4768L50.3017 51.7131C49.7554 51.0192 48.9418 49.7099 47.8608 47.7852L45.9716 44.409L48.2496 42.131L53.6794 52.6863L51.3065 55.0592L47.9936 53.1384C47.2784 52.7185 46.6158 52.3196 46.0059 51.9417C45.4065 51.5532 44.9858 51.2697 44.744 51.0911L44.3813 50.8233C44.9799 51.6329 45.7464 52.8423 46.6805 54.4514L48.6014 57.7644L46.2285 60.1373Z\" fill=\"url(#paint1_linear)\"><\/path>\n<path d=\"M60.0936 46.5243C58.8386 47.7794 57.4953 48.3765 56.0636 48.3158C54.6214 48.2447 53.3117 47.6205 52.1347 46.4434C50.905 45.2138 50.2547 43.8463 50.1836 42.341C50.102 40.8251 50.6571 39.4713 51.8488 38.2796C53.0933 37.0351 54.4419 36.4537 55.8946 36.5354C57.3473 36.6171 58.6675 37.2517 59.855 38.4393C61.0636 39.6479 61.714 40.9944 61.8062 42.4786C61.8984 43.9419 61.3275 45.2904 60.0936 46.5243ZM53.6459 40.1083C53.1397 40.6145 52.9755 41.2096 53.1533 41.8936C53.3311 42.5776 53.7615 43.2612 54.4446 43.9443C55.1278 44.6274 55.8166 45.0631 56.5111 45.2514C57.2056 45.4187 57.8113 45.2439 58.3281 44.7271C58.8343 44.2209 58.9985 43.6363 58.8207 42.9734C58.6429 42.2894 58.2124 41.6058 57.5293 40.9227C55.9634 39.3568 54.6689 39.0853 53.6459 40.1083Z\" fill=\"url(#paint2_linear)\"><\/path>\n<path d=\"M72.1043 34.2614L69.4309 36.9349L62.9428 35.5723L66.8681 39.4976L64.5585 41.8073L53.681 30.9298L55.9907 28.6202L62.4541 35.0836L61.4067 28.974L64.0643 26.3163L65.1109 32.9313L72.1043 34.2614Z\" fill=\"url(#paint3_linear)\"><\/path>\n<path d=\"M72.8837 33.482L64.8911 25.4895L67.2008 23.1798L75.1933 31.1724L72.8837 33.482Z\" fill=\"url(#paint4_linear)\"><\/path>\n<path d=\"M76.2412 20.6659L76.052 20.4767C75.0428 19.6152 74.1638 19.5588 73.4151 20.3076C73.0459 20.6767 72.8556 21.1403 72.8441 21.6983C72.8221 22.2458 73.0264 22.8297 73.457 23.4501L76.2412 20.6659ZM80.2511 21.3538L82.1744 23.277C81.9833 24.1828 81.3235 25.1999 80.1951 26.3283C78.8768 27.6466 77.4702 28.2965 75.9753 28.278C74.4804 28.2385 73.1339 27.6197 71.9358 26.4216C70.6641 25.15 70.0243 23.8035 70.0162 22.3823C70.0082 20.94 70.5262 19.6968 71.5703 18.6527C72.646 17.577 73.8103 17.0433 75.0631 17.0516C76.3054 17.0495 77.5466 17.6684 78.7867 18.9086C79.0285 19.1503 79.4014 19.6076 79.9056 20.2805L75.1914 24.9947C75.791 25.2779 76.4068 25.3453 77.0387 25.1968C77.6706 25.0483 78.2608 24.6998 78.8092 24.1514C79.6213 23.3394 80.1019 22.4068 80.2511 21.3538Z\" fill=\"url(#paint5_linear)\"><\/path>\n<path d=\"M83.835 13.0721L83.6458 12.8829C82.6366 12.0214 81.7577 11.965 81.0089 12.7138C80.6398 13.0829 80.4494 13.5465 80.4379 14.1045C80.4159 14.652 80.6202 15.2359 81.0508 15.8563L83.835 13.0721ZM87.8449 13.76L89.7682 15.6832C89.5771 16.5889 88.9174 17.606 87.7889 18.7345C86.4706 20.0528 85.064 20.7027 83.5691 20.6842C82.0742 20.6447 80.7277 20.0259 79.5296 18.8278C78.2579 17.5562 77.6181 16.2097 77.61 14.7885C77.602 13.3461 78.12 12.1029 79.1641 11.0589C80.2398 9.98314 81.4041 9.44946 82.6569 9.4578C83.8992 9.45564 85.1404 10.0746 86.3806 11.3148C86.6223 11.5565 86.9952 12.0138 87.4994 12.6867L82.7852 17.4009C83.3848 17.6841 84.0006 17.7515 84.6325 17.603C85.2644 17.4545 85.8546 17.106 86.403 16.5576C87.2151 15.7456 87.6957 14.813 87.8449 13.76Z\" fill=\"url(#paint6_linear)\"><\/path>\n<defs>\n<lineargradient id=\"paint0_linear\" x1=\"58.5\" y1=\"85.5\" x2=\"15\" y2=\"42.5\" gradientunits=\"userSpaceOnUse\">\n<stop stop-color=\"#417DFB\"><\/stop>\n<stop offset=\"1\" stop-color=\"#1FBCFF\"><\/stop>\n<\/lineargradient>\n<lineargradient id=\"paint1_linear\" x1=\"86.5\" y1=\"16\" x2=\"39\" y2=\"57.5\" gradientunits=\"userSpaceOnUse\">\n<stop stop-color=\"#C928FE\"><\/stop>\n<stop offset=\"1\" stop-color=\"#2879FE\"><\/stop>\n<\/lineargradient>\n<lineargradient id=\"paint2_linear\" x1=\"86.5\" y1=\"16\" x2=\"39\" y2=\"57.5\" gradientunits=\"userSpaceOnUse\">\n<stop stop-color=\"#C928FE\"><\/stop>\n<stop offset=\"1\" stop-color=\"#2879FE\"><\/stop>\n<\/lineargradient>\n<lineargradient id=\"paint3_linear\" x1=\"86.5\" y1=\"16\" x2=\"39\" y2=\"57.5\" gradientunits=\"userSpaceOnUse\">\n<stop stop-color=\"#C928FE\"><\/stop>\n<stop offset=\"1\" stop-color=\"#2879FE\"><\/stop>\n<\/lineargradient>\n<lineargradient id=\"paint4_linear\" x1=\"86.5\" y1=\"16\" x2=\"39\" y2=\"57.5\" gradientunits=\"userSpaceOnUse\">\n<stop stop-color=\"#C928FE\"><\/stop>\n<stop offset=\"1\" stop-color=\"#2879FE\"><\/stop>\n<\/lineargradient>\n<lineargradient id=\"paint5_linear\" x1=\"86.5\" y1=\"16\" x2=\"39\" y2=\"57.5\" gradientunits=\"userSpaceOnUse\">\n<stop stop-color=\"#C928FE\"><\/stop>\n<stop offset=\"1\" stop-color=\"#2879FE\"><\/stop>\n<\/lineargradient>\n<lineargradient id=\"paint6_linear\" x1=\"86.5\" y1=\"16\" x2=\"39\" y2=\"57.5\" gradientunits=\"userSpaceOnUse\">\n<stop stop-color=\"#C928FE\"><\/stop>\n<stop offset=\"1\" stop-color=\"#2879FE\"><\/stop>\n<\/lineargradient>\n<\/defs>\n<\/svg>\n  <style>\n    #btnsvg-fire{\n      animation-name: btnsvg-fire_a;\n      animation-duration: 0.2s;\n      animation-iteration-count: infinite;\n      transform-origin: 76.3% 10.1%;\n    }\n    @keyframes btnsvg-fire_a {\n      0% {\n        transform: scale(1);\n      }\n      70% {\n        transform: scale(0.97);\n      }\n      100% {\n        transform: scale(1);\n      }\n    }   \n  <\/style>","popup_simple_fonts":"","popup_newsletter_text_01":"MAKE YOUR SHOPIFY<br>\nSTORE A SELLING MACHINE!","popup_newsletter_text_02":"Are you ready to<br>\nblow up your sales?","popup_newsletter_text_02_font_name":"Hind","popup_newsletter_text_02_shadow":false,"popup_newsletter_text_03":"That converts your visitors into loyal customers.","popup_newsletter_text_04":"","popup_newsletter_text_05":"","popup_simple_text_01":"#ffec54","popup_simple_text_02":"#ffffff","popup_simple_text_03":"#ffec54","popup_simple_text_04":"#ff2879","popup_simple_text_05":"#ff2879","show_popup_simple_text_06":true,"popup_simple_text_06":"#ffffff","popup_simple_texts_margin":"35,12,24,27,0","popup_simple_texts_font_weight":"600,700,400,700,400","popup_simple_texts_font_letter_spacing":"-0.02,-0.05,0,0,0","popup_simple_texts_font_fs":"36,100,24,83,30","popup_simple_texts_font_lh":"40,80,31,76,29","popup_simple_texts_margin_mobile":"20,8,13,7,0","popup_simple_texts_font_fs_mobile":"20,43,18,52,18","popup_simple_texts_font_lh_mobile":"23,40,24,46,20","popup_simple_show_button":true,"popup_simple_button_name":"<span>YES!<\/span> I want More Sales \non My Store!","popup_simple_button_url":"https:\/\/goo.gl\/jgZDxn","popup_simple_button_bg":"#417dfb","popup_simple_button_text":"#ffffff","popup_simple_button_bg_hover":"#39169c","popup_simple_button_text_hover":"#ffffff","popup_simple_button_margin":"31","popup_simple_button_font_size":"18","popup_simple_button_font_lineheight":"21","popup_simple_button_font_weight":"600","popup_simple_button_padding_top":"4","popup_simple_button_padding":"37","popup_simple_button_height":"70","popup_simple_button_shadow":"box-shadow: 7px 10px 14px rgba(36, 41, 83, 0.2);","popup_simple_button_margin_mobile":"23","popup_simple_button_font_size_mobile":"18","popup_simple_button_font_lineheight_mobile":"21","popup_simple_button_padding_top_mobile":"6","popup_simple_button_padding_mobile":"35","popup_simple_button_height_mobile":"99","popup_newsletter_delay_first":"0","popup_newsletter_delay":"0","svg_heart":"<svg width=\"31\" height=\"28\" viewbox=\"0 0 16 15\" fill=\"none\" xmlns=\"http:\/\/www.w3.org\/2000\/svg\">\n  <path d=\"M8.15625 1.34375C8.13542 1.375 8.10938 1.40625 8.07812 1.4375C8.05729 1.45833 8.03125 1.48438 8 1.51562C7.96875 1.48438 7.9375 1.45833 7.90625 1.4375C7.88542 1.40625 7.86458 1.375 7.84375 1.34375C7.39583 0.895833 6.88542 0.5625 6.3125 0.34375C5.75 0.114583 5.17188 0 4.57812 0C3.99479 0 3.42188 0.114583 2.85938 0.34375C2.29688 0.5625 1.79167 0.895833 1.34375 1.34375C0.90625 1.78125 0.572917 2.28125 0.34375 2.84375C0.114583 3.39583 0 3.97917 0 4.59375C0 5.20833 0.114583 5.79688 0.34375 6.35938C0.572917 6.91146 0.90625 7.40625 1.34375 7.84375L7.64062 14.1406C7.69271 14.1823 7.75 14.2135 7.8125 14.2344C7.875 14.2656 7.9375 14.2812 8 14.2812C8.0625 14.2812 8.125 14.2656 8.1875 14.2344C8.25 14.2135 8.30729 14.1823 8.35938 14.1406L14.6562 7.84375C15.0938 7.40625 15.4271 6.91146 15.6562 6.35938C15.8854 5.79688 16 5.20833 16 4.59375C16 3.97917 15.8854 3.39583 15.6562 2.84375C15.4271 2.28125 15.0938 1.78125 14.6562 1.34375C14.2083 0.895833 13.7031 0.5625 13.1406 0.34375C12.5781 0.114583 12 0 11.4062 0C10.8229 0 10.2448 0.114583 9.67188 0.34375C9.10938 0.5625 8.60417 0.895833 8.15625 1.34375ZM13.9531 7.125L8 13.0781L2.04688 7.125C1.71354 6.79167 1.45312 6.40625 1.26562 5.96875C1.08854 5.53125 1 5.07292 1 4.59375C1 4.11458 1.08854 3.65625 1.26562 3.21875C1.45312 2.78125 1.71354 2.39062 2.04688 2.04688C2.40104 1.70312 2.79688 1.44271 3.23438 1.26562C3.68229 1.08854 4.13542 1 4.59375 1C5.05208 1 5.5 1.08854 5.9375 1.26562C6.38542 1.44271 6.78125 1.70312 7.125 2.04688C7.20833 2.13021 7.28646 2.21875 7.35938 2.3125C7.44271 2.40625 7.51562 2.50521 7.57812 2.60938C7.67188 2.74479 7.8125 2.8125 8 2.8125C8.1875 2.8125 8.32812 2.74479 8.42188 2.60938C8.48438 2.50521 8.55208 2.40625 8.625 2.3125C8.70833 2.21875 8.79167 2.13021 8.875 2.04688C9.21875 1.70312 9.60938 1.44271 10.0469 1.26562C10.4948 1.08854 10.9479 1 11.4062 1C11.8646 1 12.3125 1.08854 12.75 1.26562C13.1979 1.44271 13.599 1.70312 13.9531 2.04688C14.2865 2.39062 14.5417 2.78125 14.7188 3.21875C14.9062 3.65625 15 4.11458 15 4.59375C15 5.07292 14.9062 5.53125 14.7188 5.96875C14.5417 6.40625 14.2865 6.79167 13.9531 7.125Z\" fill=\"black\"><\/path>\n<\/svg>","svg_compare":"<svg width=\"40\" height=\"30\" viewbox=\"0 0 40 30\" fill=\"none\" xmlns=\"http:\/\/www.w3.org\/2000\/svg\">\n<path d=\"M19 21C19 20.8 19 20.7 18.9 20.5L10.4 4.5C10 3.9 9 3.9 8.6 4.5L0.1 20.5C0 20.7 0 20.8 0 21C0 25.9 4.3 30 9.5 30C14.7 30 19 26 19 21ZM9.5 7.1L16.3 20H2.7L9.5 7.1ZM9.5 28C5.7 28 2.6 25.4 2.1 22H16.9C16.4 25.4 13.3 28 9.5 28Z\" fill=\"#417DFB\"><\/path>\n<path d=\"M40 21C40 20.8 40 20.7 39.9 20.5L31.4 4.5C31.1 3.8 30 3.8 29.6 4.5L21.1 20.5C21 20.7 21 20.8 21 21C21 25.9 25.3 30 30.5 30C35.7 30 40 26 40 21ZM30.5 7.1L37.3 20H23.7L30.5 7.1ZM30.5 28C26.7 28 23.6 25.4 23.1 22H37.9C37.4 25.4 34.3 28 30.5 28Z\" fill=\"#417DFB\"><\/path>\n<path d=\"M22.8 4H27C27.6 4 28 3.6 28 3C28 2.4 27.6 2 27 2H22.8C22.4 0.8 21.3 0 20 0C18.7 0 17.6 0.8 17.2 2H13C12.4 2 12 2.4 12 3C12 3.6 12.4 4 13 4H17.2C17.6 5.2 18.7 6 20 6C21.3 6 22.4 5.2 22.8 4ZM20 4C19.4 4 19 3.6 19 3C19 2.4 19.4 2 20 2C20.6 2 21 2.4 21 3C21 3.6 20.6 4 20 4Z\" fill=\"#417DFB\"><\/path>\n<\/svg>","use_svg_cart_header":true,"svg_cart_header":"<svg width=\"28\" height=\"30\" viewbox=\"0 0 23 24\" fill=\"none\" xmlns=\"http:\/\/www.w3.org\/2000\/svg\">\n<path d=\"M4.45012 21C4.45012 21.8281 4.73598 22.5312 5.30769 23.1094C5.89486 23.7031 6.59792 24 7.41686 24C8.23581 24 8.93114 23.7031 9.50286 23.1094C10.09 22.5312 10.3836 21.8281 10.3836 21C10.3836 20.1719 10.09 19.4688 9.50286 18.8906C8.93114 18.2969 8.23581 18 7.41686 18C6.59792 18 5.89486 18.2969 5.30769 18.8906C4.73598 19.4688 4.45012 20.1719 4.45012 21ZM8.90024 21C8.90024 21.4062 8.75344 21.7578 8.45986 22.0547C8.16628 22.3516 7.81861 22.5 7.41686 22.5C7.01512 22.5 6.66745 22.3516 6.37387 22.0547C6.08028 21.7578 5.93349 21.4062 5.93349 21C5.93349 20.5938 6.08028 20.2422 6.37387 19.9453C6.66745 19.6484 7.01512 19.5 7.41686 19.5C7.81861 19.5 8.16628 19.6484 8.45986 19.9453C8.75344 20.2422 8.90024 20.5938 8.90024 21ZM20.0255 18C19.2066 18 18.5035 18.2969 17.9164 18.8906C17.3446 19.4688 17.0588 20.1719 17.0588 21C17.0588 21.8281 17.3446 22.5312 17.9164 23.1094C18.5035 23.7031 19.2066 24 20.0255 24C20.8445 24 21.5398 23.7031 22.1115 23.1094C22.6987 22.5312 22.9923 21.8281 22.9923 21C22.9923 20.1719 22.6987 19.4688 22.1115 18.8906C21.5398 18.2969 20.8445 18 20.0255 18ZM20.0255 22.5C19.6238 22.5 19.2761 22.3516 18.9825 22.0547C18.6889 21.7578 18.5422 21.4062 18.5422 21C18.5422 20.5938 18.6889 20.2422 18.9825 19.9453C19.2761 19.6484 19.6238 19.5 20.0255 19.5C20.4273 19.5 20.7749 19.6484 21.0685 19.9453C21.3621 20.2422 21.5089 20.5938 21.5089 21C21.5089 21.4062 21.3621 21.7578 21.0685 22.0547C20.7749 22.3516 20.4273 22.5 20.0255 22.5ZM0.741686 1.5H3.05946L5.1918 15.8672C5.22271 16.0391 5.30769 16.1875 5.44676 16.3125C5.58582 16.4375 5.74807 16.5 5.93349 16.5H20.7672C20.9526 16.5 21.1149 16.4375 21.2539 16.3125C21.393 16.1875 21.478 16.0312 21.5089 15.8438L22.9923 4.59375C23.0077 4.48438 23 4.38281 22.9691 4.28906C22.9382 4.17969 22.8841 4.08594 22.8069 4.00781C22.745 3.92969 22.6601 3.86719 22.5519 3.82031C22.4592 3.77344 22.3588 3.75 22.2506 3.75H4.91367L4.45012 0.632812C4.41921 0.460938 4.33423 0.3125 4.19516 0.1875C4.0561 0.0625 3.89385 0 3.70843 0H0.741686C0.540813 0 0.363117 0.078125 0.208599 0.234375C0.0695331 0.375 0 0.546875 0 0.75C0 0.953125 0.0695331 1.13281 0.208599 1.28906C0.363117 1.42969 0.540813 1.5 0.741686 1.5Z\" fill=\"#EC3727\"><\/path>\n<\/svg>","svg_cart_header_width":"16","svg_cart_header_height":"18","svg_cart_header_correct":"0","checkout_header_image":"","checkout_logo_image":"","checkout_logo_position":"left","checkout_logo_size":"medium","checkout_body_background_image":"","checkout_body_background_color":"#fff","checkout_input_background_color_mode":"white","checkout_sidebar_background_image":"","checkout_sidebar_background_color":"#fafafa","checkout_heading_font":"Helvetica Neue","checkout_body_font":"Helvetica Neue","checkout_accent_color":"#1990c6","checkout_button_color":"#1990c6","checkout_error_color":"#ff6d6d","bich":"sdsd","use_svg_cart":true,"svg_cart":"","svg_cart_height":"17","svg_cart_correct":"1","popup_newsletter_description_alarm":"By subscribe, you accept the terms\n& privacy policy","linklist_social":"","def_product_linkadd":"#2879fe","def_product_linkaddhover":"#2267d8","popup_newsletter_showimage":false,"quickview_variant_combobox":false,"product_hover":true,"sections":{"gift-template":{"type":"gift-template","settings":{"show_logo":true,"image_l":"","logo_max_width":"175"}},"footer-template":{"type":"footer-template","blocks":{"1516617959080":{"type":"footer_links","settings":{"show_content":true,"linklist_t1":"CATEGORIES","linklist1":"footer","linklist_showhtml1":false,"linklist_html1":"","linklist_t2":"","linklist2":"","linklist_showhtml2":false,"linklist_html2":"","linklist_t3":"ABOUT","linklist3":"","linklist_showhtml3":true,"linklist_html3":"Handcrafted in Ohio with Nature’s Goodness\nWe make small-batch soaps and candles with vegan, cruelty-free ingredients—skipping the harsh stuff. Every recyclable package supports our pledge to sustainability (and smells like a Hamilton sunrise). Meet the Makers →","linklist_t4":"CONTACT US","linklist4":"","linklist_showhtml4":true,"linklist_html4":"<address>\n  <p><span>🏡 Ohio Homebase:<\/span> NW Washington Blvd, Hamilton, OH 45013<\/p>\n  <p><span>📞 Soap Hotline:<\/span> 833-710-SOAP (7627)<\/p>\n  <p><span>⏳ Shop Hours:<\/span> Always open online! (Local pickup by appointment)<\/p>\n  <p><span>✉️ Bubble Talk:<\/span> <a href=\"mailto:accounts@soapyfluffs.com\">accounts@soapyfluffs.com<\/a><\/p>\n<\/address>","show_subsribe_form":false,"show_subsribe_form_social_only":false,"text1":"NEWSLETTER SIGNUP","text2":"Sign up for our e-mail and be the first who know our special offers! Furthermore, we will give a 15% discount on the next order after you sign up.","text3":"GET!","text4":"Enter your e-mail","show_socials":true,"facebook_url":"https:\/\/twitter.com\/","twitter_url":"https:\/\/twitter.com\/","gmail_url":"https:\/\/twitter.com\/","instagram_url":"https:\/\/twitter.com\/","pinterest_url":"https:\/\/twitter.com\/","youtube_url":"","whatsapp_url":"\/","tiktok_url":"\/"}},"1516614916702":{"type":"pay_icons","settings":{"show_content":true,"payments_icons_max_height":"18","pay_url_1":"","pay_url_2":"","pay_url_3":"","pay_url_4":"","pay_url_5":"","pay_url_6":"","pay_url_7":"","pay_url_8":""}},"1530207572616":{"type":"subscribe_form","settings":{"show_content":true,"text1":"BE IN TOUCH WITH US:","text3":"JOIN US","text4":"Enter your e-mail","show_socials":true,"facebook_url":"\/","twitter_url":"\/","gmail_url":"\/","instagram_url":"\/","pinterest_url":"\/","youtube_url":"","whatsapp_url":"\/","tiktok_url":"\/"}}},"block_order":["1516617959080","1516614916702","1530207572616"],"settings":{"top_offset":"tt-offset-normal","top_offset_normal":"tt-offset-normal_base","fullwidth":false,"show_topfooterline":false,"toplinesize":1,"topfooterline_offset":"70","topfooterline_offset_mobile":"40","line_color":"#f5efe6","show_logoblock":true,"logo_text":"Wokiee","logo":"shopify:\/\/shop_images\/Untitled_Project_-_Instagram_Post_Square_26.png","logo_max_width":"95","footer_address":"&copy; Soapyfluffs 2025. All Rights Reserved","footer_col":true}},"header-template":{"type":"header-template","blocks":{"1523361758164":{"type":"infobar","settings":{"show_content":true,"show_content_index":false,"show_button_close":true,"fontsize":18,"fontweight":400,"toppadding":24,"minimalheight":40,"btnpos":-2,"text":"<div style=\"background: #BF0A30; color: white; text-align: center; padding: 12px; font-family: Helvetica;\">\n  🚨 <strong>FOUNDERS DEAL:<\/strong> Lock in 10% OFF for life • \n  <a href=\"\/apps\/subscriptions\/bb\/c4kzRkhc\" style=\"color: white; text-decoration: underline; font-weight: bold; margin-left: 5px;\">\n    CLAIM YOUR SPOT HERE →\n  <\/a>\n<\/div>","background_image":false}},"1555010453419":{"type":"menu_currency","settings":{"supported_currencies":"USD, $&nbsp;&nbsp;US Dollars | EUR, €&nbsp;&nbsp;Euro | GBP, &pound;&nbsp;&nbsp;British Pounds","use_multiple_currencies":true,"show_name":true,"show_iso_code":false,"show_symbol":false}},"1522754394860":{"type":"topbar","settings":{"show_content":false,"text":"<div class=\"tt-box-info\">\n<ul>\n<li>\n<i class=\"icon-f-93\"><\/i>+566 4774 9930; +566 4774 9940\n<\/li>\n<li>\n<i class=\"icon-f-92\"><\/i>ALL WEEK FROM 9 AM TO 9 PM <\/li>\n<\/ul>\n<\/div>","show_socials":true,"facebook_url":"https:\/\/twitter.com\/","twitter_url":"https:\/\/twitter.com\/","gmail_url":"https:\/\/twitter.com\/","instagram_url":"https:\/\/twitter.com\/","pinterest_url":"https:\/\/twitter.com\/","whatsapp_url":"\/","tiktok_url":"\/"}}},"block_order":["1523361758164","1555010453419","1522754394860"],"custom_css":[],"settings":{"header_sticky_header":true,"small_header_height":true,"main_menu_selected":"main-menu","header_fullwidth":false,"showsucklogodesktop":true,"logo_max_width_d":"95","showsucklogomobile":true,"logo_max_width_m":"95","logo_text":"SOAPYFLUFFS","logo_margin_top":"0","logo":"shopify:\/\/shop_images\/NEW_LOGO_TEAL_-_Logo_New_Teal_1.png","logo_max_width":"200","logomobile":"shopify:\/\/shop_images\/NEW_LOGO_TEAL_-_Logo_New_Teal_1.png","logo_max_mobile_width":"95","logo_bar":"allinline","menu_bar":"menucenter","menu_design":"tt-menu-small","hoverunderline":false,"menupadding":"37","headerallinlineitems":"4","headerheightcenter":"50","show_customer_links":true,"show_options_links":true}},"show-helper":{"type":"show-helper","settings":{}},"promo-fixed":{"type":"promo-fixed","blocks":{"1531303088561":{"type":"item","settings":{"pr_item":"copy-of-rounded-cat-eye-sunglasses","val_min":"1","val_max":"16","text1":"minutes ago from New York, USA","text2":"minutes ago from Berlin, Germany","text3":"minutes ago from Tokyo, Japan","text4":"minutes ago from Moscow, Russia","text5":"minutes ago from London, England"}},"item_FH7K4P":{"type":"item","settings":{"pr_item":"","val_min":"1","val_max":"16","text1":"minutes ago from New York, USA","text2":"minutes ago from Berlin, Germany","text3":"minutes ago from Tokyo, Japan","text4":"minutes ago from Moscow, Russia","text5":"minutes ago from London, England"}}},"block_order":["1531303088561","item_FH7K4P"],"custom_css":[],"settings":{"show_section":false,"show_on_mobile":true,"text1":"Someone purchsed a","val_first":"0","val_min":"10","val_max":"40","show_always":false,"bg_color":"#f5efe6","text_color":"#cc7350","name_color":"#191919","name_active_color":"#2879fe","close_color":"#999999","close_active_color":"#2879fe"}},"header-template-2":{"type":"header-template-2","blocks":{"1591277471102":{"type":"menu_currency","settings":{"supported_currencies":"USD, $&nbsp;&nbsp;US Dollars | EUR, €&nbsp;&nbsp;Euro | GBP, &pound;&nbsp;&nbsp;British Pounds","use_multiple_currencies":false,"show_name":true,"show_iso_code":false,"show_symbol":false}}},"block_order":["1591277471102"],"settings":{"show_categorie_button":true,"header_border":false,"header_sticky_header":true,"main_menu_selected":"footer","header_fullwidth":false,"showsucklogodesktop":true,"logo_max_width_d":"95","showsucklogomobile":true,"logo_max_width_m":"95","logo_text":"Wokiee","logo_margin_top":"0","logo_max_width":"95","logo_max_mobile_width":"95","show_customer_links":true,"show_options_links":true,"show_simple_info":true,"simple_info":"<i class=\"icon-f-93\"><\/i> 777 2345 7885; +777 2345 7886","search_indent":"98"}},"categorie-button":{"type":"categorie-button","blocks":{"1553718743050":{"type":"megamenu","settings":{"megamenu_size":true,"linklist":"","newnavigation_item":"PORTFOLIO","grid":"4","banners_grid":"6","html":"Custom Html","banner1_url":"","banners_tit1":"SUMMER <span class=\"tt-base-color\">2022<\/span>","banners_tit11":"NEW ARRIVALS","color_11":"#ffffff","color_12":"#ffffff","banner2_url":"","banners_tit2":"CLEARANCE SALES","banners_tit21":"GET UP TO 20% OFF","color_21":"#ffffff","color_22":"#ffffff"}},"1553718850543":{"type":"ms_simplewithtitle","settings":{"linklist":"","newnavigation_item":"BLOG"}},"1553719355515":{"type":"megamenu","settings":{"megamenu_size":true,"linklist":"","newnavigation_item":"SHOP","grid":"4","banners_grid":"6","html":"Custom Html","banner1_url":"","banners_tit1":"SUMMER <span class=\"tt-base-color\">2022<\/span>","banners_tit11":"NEW ARRIVALS","color_11":"#ffffff","color_12":"#ffffff","banner2_url":"","banners_tit2":"CLEARANCE SALES","banners_tit21":"GET UP TO 20% OFF","color_21":"#ffffff","color_22":"#ffffff"}}},"block_order":["1553718743050","1553718850543","1553719355515"],"settings":{"button_name":"CATEGORIES","main_menu_selected":"main-menu","svg_item_1":"","svg_item_2":"","svg_item_3":"","svg_item_4":"","svg_item_5":"","svg_item_6":"","svg_item_7":"","svg_item_8":"","svg_item_9":"","svg_item_10":"","svg_item_11":"","svg_item_12":""}},"header-template-3":{"type":"header-template-3","blocks":{"1552554781293":{"type":"menu_currency","settings":{"supported_currencies":"USD, $&nbsp;&nbsp;US Dollars | EUR, €&nbsp;&nbsp;Euro | GBP, &pound;&nbsp;&nbsp;British Pounds","use_multiple_currencies":false,"show_name":true,"show_iso_code":false,"show_symbol":false}}},"block_order":["1552554781293"],"settings":{"show_categorie_button":true,"categorie_button_open":true,"header_sticky_header":true,"main_menu_selected":"main-menu","header_fullwidth":false,"showsucklogodesktop":true,"logo_max_width_d":"95","showsucklogomobile":true,"logo_max_width_m":"95","logo_text":"Wokiee","logo_margin_top":"0","logo_max_width":"95","logo_max_mobile_width":"95","show_customer_links":true,"show_options_links":true,"show_simple_info":true,"simple_info":"<i class=\"icon-f-93\"><\/i> 777 2345 7885; +777 2345 7886","co_text":"COMPARE","wl_text":"WISHLIST","ca_text":"MY CART"}},"footer-section-instagram":{"type":"footer-section-instagram","blocks":{"image_VV7rLy":{"type":"image","settings":{"image":"shopify:\/\/shop_images\/Untitled_design_13.png","imgurl":""}}},"block_order":["image_VV7rLy"],"custom_css":[],"settings":{"in_line":false,"grid_5":"small","gridnopadding":false,"containerpadding":false,"fullwidth":true}},"header-template-4":{"type":"header-template-4","blocks":{"1577109952806":{"type":"menu_currency","settings":{"supported_currencies":"USD, $&nbsp;&nbsp;US Dollars | EUR, €&nbsp;&nbsp;Euro | GBP, &pound;&nbsp;&nbsp;British Pounds","use_multiple_currencies":false,"show_name":true,"show_iso_code":false,"show_symbol":false}},"1577211262997":{"type":"megamenu","settings":{"linklist":"","newnavigation_item":"","grid":"4","widget":"banner","widgetgallery_grid":false,"widgetgallery_title":"SPECIALS","widgetgallery_url":"","collection":"","collection_limit":"4","widgetbanner_url":"","widgetbanner_title":"SALE","widgetbanner_title2":"70% OFF","widgetbanner_title3":"Free shipping on all US order or order above $99","widgetbanner_color":"#ffffff","widgetbanner_color2":"#ffffff","widgetbanner_color3":"#ffffff","widgetbanner_color4":"#ffffff","widgetbanner_btn":true,"widgetbanner_btnname":"SHOP NOW!","banners_grid":"6","html":"Custom Html","banner1_url":"","banners_tit1":"SUMMER <span class=\"tt-base-color\">2022<\/span>","banners_tit11":"NEW ARRIVALS","color_11":"#ffffff","color_12":"#ffffff","banner2_url":"","banners_tit2":"CLEARANCE SALES","banners_tit21":"GET UP TO 20% OFF","color_21":"#ffffff","color_22":"#ffffff"}},"1577211283776":{"type":"megamenu","settings":{"linklist":"shop","newnavigation_item":"","grid":"4","widget":"banner","widgetgallery_grid":false,"widgetgallery_title":"SPECIALS","widgetgallery_url":"","collection":"","collection_limit":"4","widgetbanner_url":"","widgetbanner_title":"SALE","widgetbanner_title2":"70% OFF","widgetbanner_title3":"Free shipping on all US order or order above $99","widgetbanner_color":"#ffffff","widgetbanner_color2":"#ffffff","widgetbanner_color3":"#ffffff","widgetbanner_color4":"#ffffff","widgetbanner_btn":true,"widgetbanner_btnname":"SHOP NOW!","banners_grid":"6","html":"Custom Html","banner1_url":"","banners_tit1":"SUMMER <span class=\"tt-base-color\">2022<\/span>","banners_tit11":"NEW ARRIVALS","color_11":"#ffffff","color_12":"#ffffff","banner2_url":"","banners_tit2":"CLEARANCE SALES","banners_tit21":"GET UP TO 20% OFF","color_21":"#ffffff","color_22":"#ffffff"}},"1577211322229":{"type":"ms_simplewithtitle","settings":{"linklist":"","newnavigation_item":""}},"1577211335379":{"type":"menu_two_columns","settings":{"linklist":"","newnavigation_item":""}}},"block_order":["1577109952806","1577211262997","1577211283776","1577211322229","1577211335379"],"settings":{"show_categorie_button":true,"header_icons_fullwidth":false,"header_sticky_header":true,"main_menu_selected":"main-menu","header_fullwidth":true,"showsucklogodesktop":true,"logo_max_width_d":"95","showsucklogomobile":true,"logo_max_width_m":"95","logo_text":"Wokiee","logo_margin_top":"-3","logo_max_width":"121","logo_max_mobile_width":"121","show_customer_links":true,"customer_links_text":"or","show_options_links":true,"show_simple_info":true,"center_simple_info":true,"simple_info":"<p class=\"title\">Call Us: +777 2345 7885<\/p>\nfrom 8:00 to 21:00 (Mon-Sun) FREE by United States","co_text":"COMPARE","wl_text":"WISHLIST","ca_text":"MY CART"}},"categorie-button-icons-menu":{"type":"categorie-button-icons-menu","blocks":{"1577213189437":{"type":"megamenu","settings":{"linklist":"","newnavigation_item":"","grid":"4","widget":"banner","widgetgallery_grid":false,"widgetgallery_title":"SPECIALS","widgetgallery_url":"","collection":"","collection_limit":"4","widgetbanner_url":"","widgetbanner_title":"SALE","widgetbanner_title2":"70% OFF","widgetbanner_title3":"Free shipping on all US order or order above $99","widgetbanner_color":"#ffffff","widgetbanner_color2":"#ffffff","widgetbanner_color3":"#ffffff","widgetbanner_color4":"#ffffff","widgetbanner_btn":true,"widgetbanner_btnname":"SHOP NOW!","banners_grid":"6","html":"Custom Html","banner1_url":"","banners_tit1":"SUMMER <span class=\"tt-base-color\">2022<\/span>","banners_tit11":"NEW ARRIVALS","color_11":"#ffffff","color_12":"#ffffff","banner2_url":"","banners_tit2":"CLEARANCE SALES","banners_tit21":"GET UP TO 20% OFF","color_21":"#ffffff","color_22":"#ffffff"}},"1577213210122":{"type":"ms_simplewithtitle","settings":{"linklist":"","newnavigation_item":""}},"1577213217163":{"type":"megamenu","settings":{"linklist":"shop","newnavigation_item":"","grid":"4","widget":"banner","widgetgallery_grid":false,"widgetgallery_title":"SPECIALS","widgetgallery_url":"","collection":"","collection_limit":"4","widgetbanner_url":"","widgetbanner_title":"SALE","widgetbanner_title2":"70% OFF","widgetbanner_title3":"Free shipping on all US order or order above $99","widgetbanner_color":"#ffffff","widgetbanner_color2":"#ffffff","widgetbanner_color3":"#ffffff","widgetbanner_color4":"#ffffff","widgetbanner_btn":true,"widgetbanner_btnname":"SHOP NOW!","banners_grid":"6","html":"Custom Html","banner1_url":"","banners_tit1":"SUMMER <span class=\"tt-base-color\">2022<\/span>","banners_tit11":"NEW ARRIVALS","color_11":"#ffffff","color_12":"#ffffff","banner2_url":"","banners_tit2":"CLEARANCE SALES","banners_tit21":"GET UP TO 20% OFF","color_21":"#ffffff","color_22":"#ffffff"}},"1577213225546":{"type":"menu_two_columns","settings":{"linklist":"","newnavigation_item":""}}},"block_order":["1577213189437","1577213210122","1577213217163","1577213225546"],"settings":{"main_menu_selected":"main-menu","svg_item_1":"<svg width=\"36\" height=\"36\" viewbox=\"0 0 36 36\" fill=\"none\" xmlns=\"http:\/\/www.w3.org\/2000\/svg\">\n<path d=\"M14.625 19.6875C14.625 20.1562 14.4609 20.5547 14.1328 20.8828C13.8047 21.2109 13.4062 21.375 12.9375 21.375C12.4688 21.375 12.0703 21.2109 11.7422 20.8828C11.4141 20.5547 11.25 20.1562 11.25 19.6875C11.25 19.2188 11.4141 18.8203 11.7422 18.4922C12.0703 18.1641 12.4688 18 12.9375 18C13.4062 18 13.8047 18.1641 14.1328 18.4922C14.4609 18.8203 14.625 19.2188 14.625 19.6875ZM24.75 19.6875C24.75 20.1562 24.5859 20.5547 24.2578 20.8828C23.9297 21.2109 23.5312 21.375 23.0625 21.375C22.5938 21.375 22.1953 21.2109 21.8672 20.8828C21.5391 20.5547 21.375 20.1562 21.375 19.6875C21.375 19.2188 21.5391 18.8203 21.8672 18.4922C22.1953 18.1641 22.5938 18 23.0625 18C23.5312 18 23.9297 18.1641 24.2578 18.4922C24.5859 18.8203 24.75 19.2188 24.75 19.6875ZM18 0C15.5156 0 13.1836 0.480469 11.0039 1.44141C8.82422 2.37891 6.91406 3.66797 5.27344 5.30859C3.65625 6.92578 2.36719 8.82422 1.40625 11.0039C0.46875 13.1836 0 15.5156 0 18V30.832L0.316406 31.1836C0.363281 31.2305 0.714844 31.5117 1.37109 32.0273C2.05078 32.5195 3.08203 33.0703 4.46484 33.6797C5.87109 34.2656 7.6875 34.793 9.91406 35.2617C12.1406 35.7539 14.8359 36 18 36C21.1641 36 23.8594 35.7539 26.0859 35.2617C28.3125 34.793 30.1172 34.2656 31.5 33.6797C32.9062 33.0703 33.9375 32.5195 34.5938 32.0273C35.2734 31.5117 35.6367 31.2305 35.6836 31.1836L36 30.832V18C36 15.5156 35.5195 13.1836 34.5586 11.0039C33.6211 8.82422 32.332 6.92578 30.6914 5.30859C29.0742 3.66797 27.1758 2.37891 24.9961 1.44141C22.8164 0.480469 20.4844 0 18 0ZM33.75 29.8477C33.4453 30.082 32.918 30.4219 32.168 30.8672C31.4414 31.2891 30.4336 31.7227 29.1445 32.168C27.8789 32.5898 26.3203 32.9648 24.4688 33.293C22.6406 33.5977 20.4844 33.75 18 33.75C15.5391 33.75 13.3828 33.5977 11.5312 33.293C9.70312 32.9648 8.14453 32.5898 6.85547 32.168C5.58984 31.7227 4.58203 31.2891 3.83203 30.8672C3.08203 30.4219 2.55469 30.082 2.25 29.8477V18C2.25 15.8203 2.66016 13.7812 3.48047 11.8828C4.32422 9.96094 5.44922 8.29688 6.85547 6.89062C8.28516 5.46094 9.94922 4.33594 11.8477 3.51562C13.7695 2.67188 15.8203 2.25 18 2.25C20.1797 2.25 22.2188 2.67188 24.1172 3.51562C26.0391 4.33594 27.7031 5.46094 29.1094 6.89062C30.5391 8.29688 31.6641 9.96094 32.4844 11.8828C33.3281 13.7812 33.75 15.8203 33.75 18V29.8477ZM23.9766 5.90625L23.168 5.48438L22.5703 6.22266C21.8203 7.20703 20.9766 8.08594 20.0391 8.85938C19.125 9.60938 18.1289 10.2539 17.0508 10.793C15.9961 11.3086 14.8828 11.707 13.7109 11.9883C12.5391 12.2461 11.3438 12.375 10.125 12.375C9.58594 12.375 9.03516 12.3516 8.47266 12.3047C7.93359 12.2344 7.39453 12.1406 6.85547 12.0234L5.94141 11.8477L5.58984 12.6914C5.23828 13.5352 4.96875 14.4023 4.78125 15.293C4.59375 16.1836 4.5 17.0859 4.5 18C4.5 19.8516 4.85156 21.5977 5.55469 23.2383C6.25781 24.8789 7.21875 26.3203 8.4375 27.5625C9.67969 28.7812 11.1211 29.7422 12.7617 30.4453C14.4023 31.1484 16.1484 31.5 18 31.5C19.8516 31.5 21.5977 31.1484 23.2383 30.4453C24.8789 29.7422 26.3086 28.7812 27.5273 27.5625C28.7695 26.3203 29.7422 24.8789 30.4453 23.2383C31.1484 21.5977 31.5 19.8516 31.5 18C31.5 16.7109 31.3242 15.4688 30.9727 14.2734C30.6211 13.0547 30.1172 11.9297 29.4609 10.8984C28.8281 9.84375 28.043 8.89453 27.1055 8.05078C26.1914 7.20703 25.1484 6.49219 23.9766 5.90625ZM18 29.25C16.4531 29.25 14.9883 28.957 13.6055 28.3711C12.2461 27.7852 11.0508 26.9883 10.0195 25.9805C9.01172 24.9492 8.21484 23.7539 7.62891 22.3945C7.04297 21.0117 6.75 19.5469 6.75 18C6.75 17.3906 6.79688 16.7812 6.89062 16.1719C6.98438 15.5625 7.13672 14.9766 7.34766 14.4141C7.79297 14.4844 8.25 14.543 8.71875 14.5898C9.1875 14.6133 9.65625 14.625 10.125 14.625C11.4375 14.625 12.7266 14.4844 13.9922 14.2031C15.2578 13.9219 16.4648 13.5234 17.6133 13.0078C18.7852 12.4688 19.8867 11.8125 20.918 11.0391C21.9492 10.2422 22.8984 9.35156 23.7656 8.36719C24.6094 8.85938 25.3711 9.45703 26.0508 10.1602C26.7305 10.8398 27.3047 11.6016 27.7734 12.4453C28.2422 13.2656 28.6055 14.1445 28.8633 15.082C29.1211 16.0195 29.25 16.9922 29.25 18C29.25 19.5469 28.957 21.0117 28.3711 22.3945C27.7852 23.7539 26.9766 24.9492 25.9453 25.9805C24.9375 26.9883 23.7422 27.7852 22.3594 28.3711C21 28.957 19.5469 29.25 18 29.25Z\" fill=\"#999999\"><\/path>\n<\/svg>","svg_item_2":"<svg width=\"36\" height=\"36\" viewbox=\"0 0 36 36\" fill=\"none\" xmlns=\"http:\/\/www.w3.org\/2000\/svg\">\n<path d=\"M18 0C15.5156 0 13.1836 0.480469 11.0039 1.44141C8.82422 2.37891 6.91406 3.66797 5.27344 5.30859C3.65625 6.92578 2.36719 8.82422 1.40625 11.0039C0.46875 13.1836 0 15.5156 0 18C0 20.4844 0.46875 22.8164 1.40625 24.9961C2.36719 27.1758 3.65625 29.0859 5.27344 30.7266C6.91406 32.3438 8.82422 33.6211 11.0039 34.5586C13.1836 35.5195 15.5156 36 18 36C20.4844 36 22.8164 35.5195 24.9961 34.5586C27.1758 33.6211 29.0742 32.3438 30.6914 30.7266C32.332 29.0859 33.6211 27.1758 34.5586 24.9961C35.5195 22.8164 36 20.4844 36 18C36 15.5156 35.5195 13.1836 34.5586 11.0039C33.6211 8.82422 32.332 6.92578 30.6914 5.30859C29.0742 3.66797 27.1758 2.37891 24.9961 1.44141C22.8164 0.480469 20.4844 0 18 0ZM18 2.25C19.9219 2.25 21.7383 2.57812 23.4492 3.23438C25.1836 3.89062 26.7305 4.79297 28.0898 5.94141C29.4492 7.06641 30.5977 8.41406 31.5352 9.98438C32.4727 11.5312 33.1172 13.2188 33.4688 15.0469C32.5078 14.7656 31.2422 14.1445 29.6719 13.1836C28.1016 12.1992 26.5781 10.5352 25.1016 8.19141L24.3633 7.06641L23.3789 7.94531C22.207 9.02344 21.0469 9.85547 19.8984 10.4414C18.75 11.0039 17.625 11.4141 16.5234 11.6719C15.4219 11.9297 14.332 12.082 13.2539 12.1289C12.1992 12.1758 11.1797 12.1992 10.1953 12.1992C8.90625 12.1992 7.64062 12.2461 6.39844 12.3398C5.17969 12.4336 4.03125 12.7734 2.95312 13.3594C3.44531 11.7656 4.17188 10.2891 5.13281 8.92969C6.11719 7.57031 7.26562 6.39844 8.57812 5.41406C9.89062 4.40625 11.3438 3.63281 12.9375 3.09375C14.5547 2.53125 16.2422 2.25 18 2.25ZM18 33.75C15.8203 33.75 13.7695 33.3398 11.8477 32.5195C9.94922 31.6758 8.28516 30.5508 6.85547 29.1445C5.44922 27.7148 4.32422 26.0508 3.48047 24.1523C2.66016 22.2305 2.25 20.1797 2.25 18C2.25 17.7891 2.25 17.5898 2.25 17.4023C2.27344 17.1914 2.29688 16.9922 2.32031 16.8047C3.28125 15.6328 4.39453 14.9531 5.66016 14.7656C6.94922 14.5547 8.46094 14.4492 10.1953 14.4492C11.1797 14.4492 12.2109 14.4258 13.2891 14.3789C14.3672 14.332 15.4805 14.1914 16.6289 13.957C17.8008 13.6992 18.9961 13.3008 20.2148 12.7617C21.4336 12.2227 22.6641 11.4609 23.9062 10.4766C24.8203 11.7422 25.7461 12.7969 26.6836 13.6406C27.6445 14.4844 28.5703 15.1758 29.4609 15.7148C30.3516 16.2305 31.1602 16.6172 31.8867 16.875C32.6367 17.1328 33.2461 17.3203 33.7148 17.4375C33.7148 17.5312 33.7148 17.625 33.7148 17.7188C33.7383 17.8125 33.75 17.9062 33.75 18C33.75 20.1797 33.3281 22.2305 32.4844 24.1523C31.6641 26.0508 30.5391 27.7148 29.1094 29.1445C27.7031 30.5508 26.0391 31.6758 24.1172 32.5195C22.2188 33.3398 20.1797 33.75 18 33.75ZM12.375 21.375C12.375 22.0078 12.1523 22.5469 11.707 22.9922C11.2852 23.4141 10.7578 23.625 10.125 23.625C9.49219 23.625 8.95312 23.4141 8.50781 22.9922C8.08594 22.5469 7.875 22.0078 7.875 21.375C7.875 20.7422 8.08594 20.2148 8.50781 19.793C8.95312 19.3477 9.49219 19.125 10.125 19.125C10.7578 19.125 11.2852 19.3477 11.707 19.793C12.1523 20.2148 12.375 20.7422 12.375 21.375ZM28.125 21.375C28.125 22.0078 27.9023 22.5469 27.457 22.9922C27.0352 23.4141 26.5078 23.625 25.875 23.625C25.2422 23.625 24.7031 23.4141 24.2578 22.9922C23.8359 22.5469 23.625 22.0078 23.625 21.375C23.625 20.7422 23.8359 20.2148 24.2578 19.793C24.7031 19.3477 25.2422 19.125 25.875 19.125C26.5078 19.125 27.0352 19.3477 27.457 19.793C27.9023 20.2148 28.125 20.7422 28.125 21.375Z\" fill=\"#999999\"><\/path>\n<\/svg>","svg_item_3":"<svg width=\"36\" height=\"36\" viewbox=\"0 0 36 36\" fill=\"none\" xmlns=\"http:\/\/www.w3.org\/2000\/svg\">\n<path d=\"M7.66333 36H28.2297C29.0735 36 29.8704 35.8125 30.6204 35.4375C31.3938 35.0859 32.0618 34.5938 32.6243 33.9609C33.1868 33.3047 33.5618 32.5781 33.7493 31.7812C33.9368 30.9609 33.9719 30.1523 33.8547 29.3555L30.3743 11.0391C30.3274 10.7578 30.1985 10.5352 29.9875 10.3711C29.7766 10.207 29.5305 10.125 29.2493 10.125H24.7493V6.75C24.7493 4.89844 24.0813 3.31641 22.7454 2.00391C21.4329 0.667969 19.8508 0 17.9993 0C16.1477 0 14.554 0.667969 13.218 2.00391C11.9055 3.31641 11.2493 4.89844 11.2493 6.75V10.125H6.74927C6.46802 10.125 6.22192 10.207 6.01099 10.3711C5.80005 10.5352 5.67114 10.7578 5.62427 11.0391L2.1438 29.3555C1.97974 30.1523 2.00317 30.9609 2.21411 31.7812C2.42505 32.5781 2.81177 33.3047 3.37427 33.9609C3.88989 34.5938 4.52271 35.0859 5.27271 35.4375C6.02271 35.8125 6.81958 36 7.66333 36ZM13.4993 6.75C13.4993 5.50781 13.9329 4.45312 14.8 3.58594C15.6907 2.69531 16.7571 2.25 17.9993 2.25C19.2415 2.25 20.2961 2.69531 21.1633 3.58594C22.054 4.45312 22.4993 5.50781 22.4993 6.75V10.125H13.4993V6.75ZM4.3938 29.707L7.66333 12.375H28.2297L31.4993 29.707C31.6165 30.1992 31.6047 30.6914 31.4641 31.1836C31.3235 31.6758 31.1125 32.1211 30.8313 32.5195C30.4797 32.918 30.0813 33.2227 29.636 33.4336C29.2141 33.6445 28.7454 33.75 28.2297 33.75H7.66333C7.14771 33.75 6.66724 33.6445 6.22192 33.4336C5.77661 33.2227 5.38989 32.918 5.06177 32.5195C4.78052 32.1211 4.56958 31.6758 4.42896 31.1836C4.28833 30.6914 4.27661 30.1992 4.3938 29.707Z\" fill=\"#999999\"><\/path>\n<\/svg>","svg_item_4":"<svg width=\"36\" height=\"36\" viewbox=\"0 0 36 36\" fill=\"none\" xmlns=\"http:\/\/www.w3.org\/2000\/svg\">\n<path d=\"M31.5 16.5H27.3516L17.543 8.83594C17.4258 8.78906 17.3086 8.74219 17.1914 8.69531C17.0977 8.64844 16.9922 8.625 16.875 8.625H14.625C14.3906 8.625 14.1914 8.68359 14.0273 8.80078C13.8633 8.91797 13.7227 9.08203 13.6055 9.29297C13.6055 9.29297 13.2539 9.75 12.5508 10.6641C11.8711 11.5547 10.6875 12 9 12C7.35938 12 6.1875 11.5664 5.48438 10.6992C4.80469 9.83203 4.44141 9.36328 4.39453 9.29297C4.27734 9.08203 4.13672 8.91797 3.97266 8.80078C3.80859 8.68359 3.60938 8.625 3.375 8.625H1.125C0.796875 8.625 0.527344 8.73047 0.316406 8.94141C0.105469 9.15234 0 9.42188 0 9.75V25.5C0 26.4609 0.316406 27.2695 0.949219 27.9258C1.60547 28.5586 2.41406 28.875 3.375 28.875H32.625C33.5859 28.875 34.3828 28.5586 35.0156 27.9258C35.6719 27.2695 36 26.4609 36 25.5V21C36 19.7578 35.5547 18.7031 34.6641 17.8359C33.7969 16.9453 32.7422 16.5 31.5 16.5ZM2.70703 10.875C3.10547 11.4375 3.79688 12.1406 4.78125 12.9844C5.78906 13.8281 7.19531 14.25 9 14.25C10.8047 14.25 12.1992 13.8281 13.1836 12.9844C14.1914 12.1406 14.8945 11.4375 15.293 10.875H16.5234L26.332 18.5391C26.4492 18.5859 26.5547 18.6328 26.6484 18.6797C26.7656 18.7266 26.8828 18.75 27 18.75H31.5C32.1094 18.75 32.6367 18.9727 33.082 19.418C33.5273 19.8633 33.75 20.3906 33.75 21V22.125H2.25V10.875H2.70703ZM32.625 26.625H3.375C3.04688 26.625 2.77734 26.5195 2.56641 26.3086C2.35547 26.0977 2.25 25.8281 2.25 25.5V24.375H33.75V25.5C33.75 25.8281 33.6445 26.0977 33.4336 26.3086C33.2227 26.5195 32.9531 26.625 32.625 26.625Z\" fill=\"#999999\"><\/path>\n<\/svg>","svg_item_5":"<svg width=\"36\" height=\"36\" viewbox=\"0 0 36 36\" fill=\"none\" xmlns=\"http:\/\/www.w3.org\/2000\/svg\">\n<path d=\"M3.1862 31.5611C3.31034 31.7367 3.47171 31.8621 3.67033 31.9373C3.89378 31.9875 4.09239 32.0125 4.26618 32.0125L8.92126 31.2978L11.3047 35.3981C11.4288 35.5737 11.5778 35.7241 11.7516 35.8495C11.9253 35.9498 12.1364 36 12.3846 36C12.3846 36 12.4219 36 12.4964 36C12.7198 36 12.9184 35.9373 13.0922 35.8119C13.2908 35.6865 13.4522 35.511 13.5763 35.2853L17.7473 26.3699C17.797 26.3699 17.8342 26.3699 17.859 26.3699C17.8838 26.3699 17.9211 26.3699 17.9707 26.3699C18.0204 26.3699 18.0576 26.3699 18.0825 26.3699C18.1073 26.3699 18.1445 26.3699 18.1942 26.3699L22.3651 35.2853C22.4893 35.4608 22.6382 35.6238 22.812 35.7743C23.0106 35.9248 23.2217 36 23.4451 36C23.4699 36 23.5072 36 23.5568 36C23.7555 36 23.9541 35.9498 24.1527 35.8495C24.3513 35.7241 24.5127 35.5737 24.6368 35.3981L27.0202 31.2978L31.6753 32.0125C31.9236 32.0878 32.1346 32.0752 32.3084 31.9749C32.4822 31.8746 32.6311 31.7367 32.7553 31.5611C32.8794 31.3605 32.9539 31.1599 32.9787 30.9592C33.0284 30.7335 32.9911 30.5329 32.867 30.3574L28.4726 21.0658C29.2919 19.9875 29.925 18.7837 30.3719 17.4545C30.8436 16.1003 31.0794 14.6959 31.0794 13.2414C31.0794 11.4107 30.7319 9.69279 30.0367 8.08777C29.3664 6.48276 28.4354 5.07837 27.2437 3.87461C26.052 2.67085 24.6616 1.73041 23.0727 1.05329C21.4838 0.351097 19.7831 0 17.9707 0C16.1584 0 14.4453 0.338558 12.8315 1.01567C11.2426 1.69279 9.85228 2.62069 8.66058 3.79937C7.4937 4.97806 6.56269 6.36991 5.86753 7.97492C5.1972 9.57994 4.86203 11.2978 4.86203 13.1285C4.86203 14.6332 5.08548 16.0502 5.53236 17.3793C6.00408 18.6834 6.64958 19.8746 7.46888 20.953L3.07448 30.2069C3.02483 30.4577 3 30.6959 3 30.9216C3 31.1473 3.06207 31.3605 3.1862 31.5611ZM26.4244 28.7774C26.2009 28.7273 25.9775 28.7523 25.754 28.8527C25.5306 28.953 25.3568 29.1285 25.2327 29.3793L23.5568 32.2759L20.7265 26.1442C21.8438 25.8934 22.9237 25.5047 23.9665 24.9781C25.0092 24.4514 25.9527 23.7868 26.7968 22.9843L29.776 29.3793L26.4244 28.7774ZM17.9707 2.29467C19.4604 2.29467 20.8507 2.58307 22.1417 3.15987C23.4575 3.7116 24.5996 4.47649 25.5678 5.45455C26.5361 6.4326 27.2933 7.58621 27.8395 8.91536C28.4105 10.2194 28.696 11.6238 28.696 13.1285C28.696 14.3824 28.485 15.5862 28.063 16.7398C27.6657 17.8683 27.0823 18.9091 26.3126 19.8621C26.263 19.9373 26.2009 20 26.1264 20.0502C26.0768 20.1003 26.0147 20.163 25.9402 20.2382C25.0465 21.2665 23.9913 22.094 22.7748 22.721C21.5583 23.348 20.23 23.7241 18.79 23.8495C18.79 23.8495 18.7528 23.8495 18.6783 23.8495C18.5542 23.8495 18.4176 23.8495 18.2687 23.8495C18.1197 23.8495 17.9832 23.8495 17.859 23.8495C17.7349 23.8495 17.6107 23.8495 17.4866 23.8495C17.3625 23.8495 17.2508 23.8495 17.1514 23.8495C17.077 23.8495 17.0149 23.8495 16.9652 23.8495C16.9156 23.8495 16.8908 23.8495 16.8908 23.8495C15.5253 23.7241 14.2591 23.348 13.0922 22.721C11.9253 22.094 10.895 21.2665 10.0012 20.2382C9.92676 20.1129 9.85228 20 9.7778 19.8997C9.72814 19.7743 9.64125 19.6865 9.51711 19.6364C8.79713 18.7837 8.23852 17.8056 7.84128 16.7022C7.44405 15.5737 7.24543 14.3824 7.24543 13.1285C7.24543 11.6238 7.51853 10.2194 8.06473 8.91536C8.63575 7.58621 9.40539 6.4326 10.3736 5.45455C11.3419 4.47649 12.4715 3.7116 13.7625 3.15987C15.0784 2.58307 16.4811 2.29467 17.9707 2.29467ZM9.14471 22.8715C9.98883 23.6489 10.9323 24.3135 11.975 24.8652C13.0177 25.3918 14.0977 25.768 15.2149 25.9937L12.3846 32.163L10.7088 29.2665C10.5847 29.0909 10.4109 28.953 10.1874 28.8527C9.964 28.7273 9.74056 28.6646 9.51711 28.6646L6.27718 29.1536L9.14471 22.8715Z\" fill=\"#999999\"><\/path>\n<\/svg>","svg_item_6":"<svg width=\"36\" height=\"36\" viewbox=\"0 0 36 36\" fill=\"none\" xmlns=\"http:\/\/www.w3.org\/2000\/svg\">\n<path d=\"M18 0C15.5 0 13.15 0.475 10.95 1.425C8.775 2.35 6.875 3.625 5.25 5.25C3.625 6.875 2.3375 8.7875 1.3875 10.9875C0.4625 13.1625 0 15.5 0 18C0 20.5 0.4625 22.8375 1.3875 25.0125C2.3375 27.1875 3.625 29.1 5.25 30.75C6.875 32.375 8.775 33.6625 10.95 34.6125C13.15 35.5375 15.5 36 18 36C20.5 36 22.8375 35.5375 25.0125 34.6125C27.1875 33.6625 29.0875 32.375 30.7125 30.75C32.3625 29.125 33.65 27.225 34.575 25.05C35.525 22.85 36 20.5 36 18C36 15.5 35.525 13.1625 34.575 10.9875C33.65 8.8125 32.375 6.9125 30.75 5.2875C29.125 3.6375 27.2125 2.35 25.0125 1.425C22.8375 0.475 20.5 0 18 0ZM18 33.6C15.85 33.6 13.825 33.2 11.925 32.4C10.025 31.575 8.3625 30.4625 6.9375 29.0625C5.5375 27.6375 4.425 25.975 3.6 24.075C2.8 22.175 2.4 20.15 2.4 18C2.4 15.85 2.8 13.825 3.6 11.925C4.425 10.025 5.5375 8.375 6.9375 6.975C8.3625 5.55 10.025 4.4375 11.925 3.6375C13.825 2.8125 15.85 2.4 18 2.4C20.15 2.4 22.175 2.8125 24.075 3.6375C25.975 4.4375 27.625 5.55 29.025 6.975C30.45 8.375 31.5625 10.025 32.3625 11.925C33.1875 13.825 33.6 15.85 33.6 18C33.6 20.15 33.1875 22.175 32.3625 24.075C31.5625 25.975 30.45 27.6375 29.025 29.0625C27.625 30.4625 25.975 31.575 24.075 32.4C22.175 33.2 20.15 33.6 18 33.6ZM16.8 12.6C16.8 11.45 16.3875 10.4625 15.5625 9.6375C14.7375 8.8125 13.75 8.4 12.6 8.4C11.45 8.4 10.4625 8.8125 9.6375 9.6375C8.8125 10.4625 8.4 11.45 8.4 12.6C8.4 13.75 8.8125 14.7375 9.6375 15.5625C10.4625 16.3875 11.45 16.8 12.6 16.8C13.75 16.8 14.7375 16.3875 15.5625 15.5625C16.3875 14.7375 16.8 13.75 16.8 12.6ZM10.8 12.6C10.8 12.125 10.975 11.7125 11.325 11.3625C11.7 10.9875 12.125 10.8 12.6 10.8C13.075 10.8 13.4875 10.9875 13.8375 11.3625C14.2125 11.7125 14.4 12.125 14.4 12.6C14.4 13.075 14.2125 13.5 13.8375 13.875C13.4875 14.225 13.075 14.4 12.6 14.4C12.125 14.4 11.7 14.225 11.325 13.875C10.975 13.5 10.8 13.075 10.8 12.6ZM23.4 19.2C22.25 19.2 21.2625 19.6125 20.4375 20.4375C19.6125 21.2625 19.2 22.25 19.2 23.4C19.2 24.55 19.6125 25.5375 20.4375 26.3625C21.2625 27.1875 22.25 27.6 23.4 27.6C24.55 27.6 25.5375 27.1875 26.3625 26.3625C27.1875 25.5375 27.6 24.55 27.6 23.4C27.6 22.25 27.1875 21.2625 26.3625 20.4375C25.5375 19.6125 24.55 19.2 23.4 19.2ZM23.4 25.2C22.925 25.2 22.5 25.025 22.125 24.675C21.775 24.3 21.6 23.875 21.6 23.4C21.6 22.925 21.775 22.5125 22.125 22.1625C22.5 21.7875 22.925 21.6 23.4 21.6C23.875 21.6 24.2875 21.7875 24.6375 22.1625C25.0125 22.5125 25.2 22.925 25.2 23.4C25.2 23.875 25.0125 24.3 24.6375 24.675C24.2875 25.025 23.875 25.2 23.4 25.2ZM24.825 11.175C24.6 10.925 24.325 10.8 24 10.8C23.675 10.8 23.4 10.925 23.175 11.175L11.175 23.175C10.925 23.4 10.8 23.675 10.8 24C10.8 24.325 10.925 24.6 11.175 24.825C11.275 24.95 11.4 25.05 11.55 25.125C11.725 25.175 11.875 25.2 12 25.2C12.125 25.2 12.2625 25.175 12.4125 25.125C12.5875 25.05 12.725 24.95 12.825 24.825L24.825 12.825C25.075 12.6 25.2 12.325 25.2 12C25.2 11.675 25.075 11.4 24.825 11.175Z\" fill=\"#999999\"><\/path>\n<\/svg>","svg_item_7":"<svg width=\"36\" height=\"36\" viewbox=\"0 0 36 36\" fill=\"none\" xmlns=\"http:\/\/www.w3.org\/2000\/svg\">\n<path d=\"M22.1197 1.66503C21.8745 1.53301 21.617 1.4802 21.3473 1.5066C21.1021 1.5066 20.8936 1.59902 20.722 1.78386L1.88885 20.7957C1.69268 21.0597 1.57006 21.3238 1.52102 21.5878C1.47197 21.8255 1.50876 22.0763 1.63137 22.3404C1.70494 22.5252 1.83981 22.6968 2.03599 22.8553C2.23217 23.0137 2.45287 23.0929 2.69809 23.0929H15.4252L13.2917 32.9949C13.2427 33.2325 13.2672 33.4966 13.3653 33.7871C13.4634 34.0511 13.635 34.2491 13.8803 34.3812C14.0029 34.434 14.101 34.4736 14.1745 34.5C14.2481 34.5 14.3462 34.5 14.4688 34.5C14.5914 34.5 14.7263 34.4736 14.8734 34.4208C15.0451 34.3416 15.1799 34.2359 15.278 34.1039L34.1111 15.0921C34.3073 14.9073 34.4299 14.696 34.479 14.4584C34.528 14.2207 34.4912 13.9699 34.3686 13.7058C34.2951 13.521 34.1602 13.3494 33.964 13.1909C33.7678 13.0325 33.5471 12.9533 33.3019 12.9533H20.5748L22.7083 3.05131C22.7573 2.81366 22.7328 2.56281 22.6347 2.29876C22.5366 2.0083 22.365 1.79706 22.1197 1.66503ZM30.3592 15.4882L16.4551 29.549L18 22.2215C18.049 22.0103 18.049 21.8255 18 21.667C17.951 21.4822 17.8774 21.3238 17.7793 21.1917C17.6567 20.9277 17.5096 20.7561 17.3379 20.6768C17.1662 20.5976 16.9946 20.558 16.8229 20.558H5.64076L19.5449 6.4972L18 13.9831C17.951 14.1679 17.951 14.3528 18 14.5376C18.049 14.696 18.1226 14.8413 18.2207 14.9733C18.3433 15.1053 18.4904 15.2241 18.6621 15.3298C18.8338 15.4354 19.0054 15.4882 19.1771 15.4882H30.3592Z\" fill=\"#999999\"><\/path>\n<\/svg>","svg_item_8":"<svg width=\"36\" height=\"36\" viewbox=\"0 0 36 36\" fill=\"none\" xmlns=\"http:\/\/www.w3.org\/2000\/svg\">\n<path d=\"M34.875 6.75H28.6172C28.8047 6.42188 28.957 6.07031 29.0742 5.69531C29.1914 5.32031 29.25 4.92188 29.25 4.5C29.25 3.25781 28.8047 2.20312 27.9141 1.33594C27.0469 0.445312 25.9922 0 24.75 0C22.9922 0 21.5625 0.539062 20.4609 1.61719C19.3828 2.69531 18.5625 3.77344 18 4.85156C17.4375 3.77344 16.6055 2.69531 15.5039 1.61719C14.4258 0.539062 13.0078 0 11.25 0C10.0078 0 8.94141 0.445312 8.05078 1.33594C7.18359 2.20312 6.75 3.25781 6.75 4.5C6.75 4.92188 6.80859 5.32031 6.92578 5.69531C7.04297 6.07031 7.19531 6.42188 7.38281 6.75H1.125C0.820312 6.75 0.550781 6.86719 0.316406 7.10156C0.105469 7.3125 0 7.57031 0 7.875V13.5C0 13.8047 0.105469 14.0742 0.316406 14.3086C0.550781 14.5195 0.820312 14.625 1.125 14.625H3.375V34.875C3.375 35.1797 3.48047 35.4375 3.69141 35.6484C3.92578 35.8828 4.19531 36 4.5 36H31.5C31.8047 36 32.0625 35.8828 32.2734 35.6484C32.5078 35.4375 32.625 35.1797 32.625 34.875V14.625H34.875C35.1797 14.625 35.4375 14.5195 35.6484 14.3086C35.8828 14.0742 36 13.8047 36 13.5V7.875C36 7.57031 35.8828 7.3125 35.6484 7.10156C35.4375 6.86719 35.1797 6.75 34.875 6.75ZM24.75 2.25C25.3594 2.25 25.8867 2.47266 26.332 2.91797C26.7773 3.36328 27 3.89062 27 4.5C27 5.10938 26.7773 5.63672 26.332 6.08203C25.8867 6.52734 25.3594 6.75 24.75 6.75H19.582C19.957 5.88281 20.5547 4.92188 21.375 3.86719C22.2188 2.78906 23.3438 2.25 24.75 2.25ZM20.25 9V12.375H15.75V9H20.25ZM9 4.5C9 3.89062 9.22266 3.36328 9.66797 2.91797C10.1133 2.47266 10.6406 2.25 11.25 2.25C12.6328 2.25 13.7461 2.78906 14.5898 3.86719C15.4336 4.92188 16.043 5.88281 16.418 6.75H11.25C10.6406 6.75 10.1133 6.52734 9.66797 6.08203C9.22266 5.63672 9 5.10938 9 4.5ZM2.25 9H13.5V12.375H2.25V9ZM5.625 14.625H13.5V33.75H5.625V14.625ZM15.75 33.75V14.625H20.25V33.75H15.75ZM30.375 33.75H22.5V14.625H30.375V33.75ZM33.75 12.375H22.5V9H33.75V12.375Z\" fill=\"#999999\"><\/path>\n<\/svg>","svg_item_9":"","svg_item_10":"","svg_item_11":"","svg_item_12":""}},"footer-section-subscribe":{"type":"footer-section-subscribe","settings":{"top_offset":"none-onlyindex","top_offset_normal":"nomargin_base","fullwidth":false,"lgsize":8,"mdsize":10,"allinleft":false,"text1":"KEEP IN TOUCH","text2":"Enjoy 15% off your first order when you join our mailing list.","subfplholder":"Enter your e-mail","subfbtext":"JOIN US","text3":"By clicking the button you agree to the <a href=\"#\">Privacy Policy<\/a> and <a href=\"#\">Terms and Conditions<\/a>","fontsizetext1":34,"lineheighttext1":41,"fontweighttext1":500,"text2offset":10,"fontsizetext2":18,"lineheighttext2":22,"fontweighttext2":300,"formoffset":34,"text3offset":30,"fontsizetext3":14,"lineheighttext3":22,"fontweighttext3":300,"fontsizetext1_mobile":31,"lineheighttext1_mobile":38,"text2offset_mobile":10,"fontsizetext2_mobile":18,"lineheighttext2_mobile":22,"formoffset_mobile":34,"text3offset_mobile":30,"fontsizetext3_mobile":14,"lineheighttext3_mobile":22,"colortext1":"#191919","colortext2":"#777777","colortext3":"#777777","colorlink":"#2879fe","bg_form":"#ffffff","bg_form_bo":"#e9e7e7","bg_form_bo_s":1,"bg_form_text":"#777777","bg_forma":"#ffffff","bg_form_boa":"#2879fe","bg_form_bo_sa":1,"bg_form_texta":"#777777","bg_color":"#2879fe","cbtntext":"#ffffff","bg_color_a":"#191919","cbtntext_a":"#ffffff","btn_custom_styles":"","btn_custom_styles_hover":"","usebgcolor":false,"bgco":"#ffffff","bgdepad":"80","bgdepad_2":"80","bgmopad":"80","bgmopad_2":"80","showbgimage_bg":false,"imagealign_bg":"center","imagesize_bg":"cover","usemiheight":false,"backgroundminheight3":"450","backgroundminheight2":"450","backgroundminheight1":"200"}},"footer-section-blurbs":{"type":"footer-section-blurbs","blocks":{"0010c741-0c7b-4eff-8af9-388899ee3c96":{"type":"item","settings":{"usemedia":true,"mediasvg":true,"svg":"","imgbottomborder":true,"title":"Text field","desc":"A great about us block helps builds trust between you and your customers. The more content you provide about you.","bgcolor":"#ffffff","opacity":100,"colortext1":"#191919","colortext2":"#777777","colortext1_hover":"#2267d8","border":5,"bordercolor":"#000000","item_custom_styles":""}},"d00ec22e-5a52-4d58-8591-0dc0f026abdf":{"type":"button","settings":{"btnname":"READ MORE","textalign":"text-center","bg_color":"#191919","cbtntext":"#ffffff","bg_color_a":"#ffffff","cbtntext_a":"#191919","btn_custom_styles":"","btn_custom_styles_hover":"","toppadding":60,"toppadding_mobile":30}}},"block_order":["0010c741-0c7b-4eff-8af9-388899ee3c96","d00ec22e-5a52-4d58-8591-0dc0f026abdf"],"settings":{"top_offset":"none-onlyindex","top_offset_normal":"nomargin_base","fullwidth":false,"show_title":true,"title_to_left":false,"boxed_title":false,"text1":"Text Field","text2":"Text field","colortext1":"#191919","colortext2":"#777777","itemsinrow":"col-md-4","contentalign":"text-left","bg_round":5,"module_autoplay":false,"delay_time":"4000","sliderbutton":"#dadada","sliderbutton_hover":"#191919","titlepadding":41,"blurbpadding":"35px 25px 35px 25px","fontsizemtitle":48,"lineheightmtitle":53,"fontweightmtitle":600,"toppaddingmdesc":0,"fontsizemdesc":24,"lineheightmdesc":33,"fontweightmdesc":400,"toppaddingititle":0,"fontsizeititle":24,"lineheightititle":33,"fontweightititle":500,"toppaddingidesc":0,"fontsizeidesc":18,"lineheightidesc":24,"fontweightidesc":400,"titlepadding_mobile":21,"blurbpadding_mobile":"20px 20px 20px 20px","fontsizemtitle_mobile":24,"lineheightmtitle_mobile":31,"toppaddingmdesc_mobile":0,"fontsizemdesc_mobile":16,"lineheightmdesc_mobile":24,"toppaddingititle_mobile":21,"fontsizeititle_mobile":24,"lineheightititle_mobile":33,"toppaddingidesc_mobile":13,"fontsizeidesc_mobile":18,"lineheightidesc_mobile":24,"usebgcolor":false,"bgco":"#ffffff","bgdepad":"80","bgdepad_2":"80","bgmopad":"80","bgmopad_2":"80","showbgimage":false,"imagealign":"center","imagesize":"cover","usemiheight":false,"backgroundminheight3":"450","backgroundminheight2":"450","backgroundminheight1":"200"}},"footer-section-text_plus_image_vertical":{"type":"footer-section-text_plus_image_vertical","blocks":{"791c0037-03a6-4054-9f91-540a5e364b27":{"type":"title","settings":{"text":"Text","textalign":"default","fontweighttext":700,"toppadding":0,"toppaddingmulti":1,"fontsizetext":32,"lineheighttext":51,"toppadding_mobile":0,"fontsizetext_mobile":32,"lineheighttext_mobile":51}},"e601f07b-9700-40d2-8007-24e252691fbd":{"type":"text","settings":{"usetextcolumns":false,"columnswidth":"6.6_6.6","textalign":"default","usetextastitle":false,"text":"Text","fontweighttext":400,"toppadding":0,"toppaddingmulti":1,"fontsizetext":16,"lineheighttext":24,"toppadding_mobile":0,"fontsizetext_mobile":16,"lineheighttext_mobile":24,"text2":"Text 2","correction":0,"fontweighttext2":400,"fontsizetext2":16,"lineheighttext2":24,"fontsizetext_mobile2":16,"lineheighttext_mobile2":24}}},"block_order":["791c0037-03a6-4054-9f91-540a5e364b27","e601f07b-9700-40d2-8007-24e252691fbd"],"settings":{"top_offset":"none-onlyindex","top_offset_normal":"nomargin_base","fullwidth":false,"contentalign":"justify-content-center","textalign":"center","lgsize":8,"mdsize":10,"colortext1":"#191919","colortext2":"#777777","bg_color":"#191919","cbtntext":"#ffffff","bg_color_a":"#ffffff","cbtntext_a":"#191919","btn_custom_styles":"","btn_custom_styles_hover":"","usebgcolor":false,"bgco":"#ffffff","bgdepad":"80","bgdepad_2":"80","bgmopad":"80","bgmopad_2":"80","showbgimage":false,"imagealign":"center","imagesize":"cover","usemiheight":false,"backgroundminheight3":"450","backgroundminheight2":"450","backgroundminheight1":"200"}},"footer-section-iconbanners":{"type":"footer-section-iconbanners","blocks":{"5f9edc33-0ec8-4579-9a1f-30602bdde9eb":{"type":"item","settings":{"show_icon":"icon","icon":"icon-f-48","text1":"FREE SHIPPING","text2":"Free Shipping on all orders from the US or orders of $ 99 or more.","icon_color":"#2879fe"}}},"block_order":["5f9edc33-0ec8-4579-9a1f-30602bdde9eb"],"settings":{"top_offset":"none-onlyindex","top_offset_normal":"nomargin_base","custom_classes":"","fullwidth":false,"vertical":false,"items_always_in_center":false,"items":"4","show_title":true,"title_to_left":true,"boxed_title":true,"text1":"Title","text2":"Description","main_title_color":"#ffffff","main_desc_color":"#ffffff","same_iconcolor":true,"icon_color":"#2879fe","title_color":"#191919","desc_color":"#777777","title_hover_color":"#2879fe","usebgcolor":false,"useboxedbgcolor":false,"bgco":"#ff0000","bgdepad":"80","bgdepad_2":"80","bgmopad":"80","bgmopad_2":"80"}},"header-template-5":{"type":"header-template-5","settings":{"header_sticky_header":true,"main_menu_selected":"main-menu","header_fullwidth":false,"showsucklogodesktop":true,"logo_max_width_d":"120","showsucklogomobile":true,"logo_max_width_m":"95","logo_text":"Wokiee","logo_margin_top":"-2","logo":"shopify:\/\/shop_images\/Logotest.png","logo_max_width":"95","showlogo_opened":true,"logo_max_width_opened":"95","logo_max_mobile_width":"95","logo_bar":"allinlinelogocenter","headerheightcenter":"60","show_customer_links":true,"show_options_links":true,"header_show_shadow":true,"header_shadow":"box-shadow: 0px 2px 12px rgba(0, 0, 0, 0.1);","menu_button_text":"Menu","menu_button_text_color":"#ffffff","menu_button_icon_color":"#ffffff","menu_button_color":"#2879fe","menu_button_text_color_hover":"#ffffff","menu_button_icon_color_hover":"#ffffff","menu_button_color_hover":"#191919","menu_button_custom_styles":"","menu_button_custom_styles_hover":"","search_custom_styles":"","search_custom_styles_hover":"","search_icon_color":"#191919","search_icon_color_hover":"#2879fe","search_icon_custom_style":"","search_icon_custom_style_hover":"","cart_icon_color":"#191919","cart_icon_color_hover":"#2879fe","cart_icon_text":"Cart","cart_icon_text_color":"#191919","cart_icon_text_color_hover":"#2879fe","cart_icon_bagde_color":"#2879fe","cart_icon_bagde_text_color":"#ffffff","cart_icon_custom_style":"","cart_icon_custom_style_hover":"","show_account_icon":true,"account_icon_color":"#191919","account_icon_color_hover":"#2879fe","account_icon_text":"My Account","account_icon_text_color":"#191919","account_icon_text_color_hover":"#2879fe","account_icon_custom_style":"","account_icon_custom_style_hover":"","options_icon_color":"#191919","options_icon_color_hover":"#2879fe","options_icon_custom_style":"","options_icon_custom_style_hover":"","openedmenu_bg_color":"#f7f8fa","closebtn_icon_color":"#ffffff","closebtn_bg_color":"#2879fe","closebtn_icon_color_hover":"#ffffff","closebtn_bg_color_hover":"#191919","svgiconcolor":"#2879fe","menu_link_color":"#191919","menu_link_color_hover":"#2879fe","sub_menu_link_color":"#191919","sub_menu_link_color_hover":"#2879fe","subsubmenu_bg":"#ffffff","submenu_bg_show_shadow":true,"submenu_bg_show":"box-shadow: 0px 10px 40px rgba(0, 0, 0, 0.2);","sub_sub_menu_link_color":"#191919","sub_sub_menu_link_color_hover":"#2879fe","fontsize1":24,"lineheight1":28,"fontweight1":500,"fontsize2":18,"lineheight2":31,"fontweight2":300,"fontsize3":14,"lineheight3":18,"fontweight3":300,"arrowfontsize21":1,"arrowfontsize2":12,"arrowfontsize31":1,"arrowfontsize3":12}}},"content_for_index":[],"blocks":{"16278478101612877664":{"type":"shopify:\/\/apps\/pagefly-page-builder\/blocks\/app-embed\/83e179f7-59a0-4589-8c66-c0dddf959200","disabled":false,"settings":{}},"16237003337219470499":{"type":"shopify:\/\/apps\/appstle-loyalty\/blocks\/appstle-loyalty\/1886c0f8-77b6-4a85-af11-b43cc17ae1c1","disabled":false,"settings":{}},"10436698916776057164":{"type":"shopify:\/\/apps\/appstle-subscription\/blocks\/appstle-subscription-helper\/fe257d39-6f88-4f35-ab08-bd437e3aa94e","disabled":false,"settings":{}},"4644077978495408606":{"type":"shopify:\/\/apps\/appstle-memberships\/blocks\/appstle-membership-helper\/76528d70-5fbe-48f8-8e19-590d109aa2b7","disabled":false,"settings":{}},"14060646107696862457":{"type":"shopify:\/\/apps\/judge-me-reviews\/blocks\/judgeme_core\/61ccd3b1-a9f2-4160-9fe9-4fec8413e5d8","disabled":false,"settings":{}},"13768625480086291342":{"type":"shopify:\/\/apps\/forms\/blocks\/forms\/8744a304-fcb1-4347-b211-bb6b4759a76a","disabled":false,"settings":{}},"855628211100114053":{"type":"shopify:\/\/apps\/klaviyo-email-marketing-sms\/blocks\/klaviyo-onsite-embed\/2632fe16-c075-4321-a88b-50b567f42507","disabled":false,"settings":{}},"15683396631634586217":{"type":"shopify:\/\/apps\/inbox\/blocks\/chat\/841fc607-4181-4ad1-842d-e24d7f8bad6b","disabled":false,"settings":{"button_color":"#000000","secondary_color":"#FFFFFF","ternary_color":"#6A6A6A","button_icon":"chat_bubble","button_text":"chat_with_us","button_horizontal_position":"bottom_right","button_vertical_position":"lowest","greeting_message":""}},"11104565113590962351":{"type":"shopify:\/\/apps\/tinyseo\/blocks\/article-json-ld-embed\/0605268f-f7c4-4e95-b560-e43df7d59ae4","disabled":false,"settings":{}},"2353461558643755616":{"type":"shopify:\/\/apps\/tinyseo\/blocks\/breadcrumbs-json-ld-embed\/0605268f-f7c4-4e95-b560-e43df7d59ae4","disabled":false,"settings":{}},"1369284949797581044":{"type":"shopify:\/\/apps\/tinyseo\/blocks\/collection-json-ld-embed\/0605268f-f7c4-4e95-b560-e43df7d59ae4","disabled":false,"settings":{}},"15154131639906026026":{"type":"shopify:\/\/apps\/tinyseo\/blocks\/broken-link-embed\/0605268f-f7c4-4e95-b560-e43df7d59ae4","disabled":false,"settings":{}},"1360768219604461044":{"type":"shopify:\/\/apps\/tinyseo\/blocks\/store-json-ld-embed\/0605268f-f7c4-4e95-b560-e43df7d59ae4","disabled":false,"settings":{}},"14971748854670876780":{"type":"shopify:\/\/apps\/tinyseo\/blocks\/product-json-ld-embed\/0605268f-f7c4-4e95-b560-e43df7d59ae4","disabled":false,"settings":{}},"6406956604159796213":{"type":"shopify:\/\/apps\/smart-seo\/blocks\/smartseo\/7b0a6064-ca2e-4392-9a1d-8c43c942357b","disabled":false,"settings":{}},"4976129024724438625":{"type":"shopify:\/\/apps\/smart-seo\/blocks\/brokenLinkDetection\/7b0a6064-ca2e-4392-9a1d-8c43c942357b","disabled":false,"settings":{}},"15084200773526605837":{"type":"shopify:\/\/apps\/omega-instant-search\/blocks\/app-embed\/80a2fd19-fbcc-4a61-820e-86ede4a81b22","disabled":false,"settings":{}},"14327677521557774844":{"type":"shopify:\/\/apps\/simprosys-google-shopping-feed\/blocks\/core_settings_block\/1f0b859e-9fa6-4007-97e8-4513aff5ff3b","disabled":false,"settings":{}},"9094328589753815681":{"type":"shopify:\/\/apps\/hextom-shipping-bar\/blocks\/fsb-embeded-block\/7ef5d9af-75a2-45c7-9b1b-f9240ee488e9","disabled":false,"settings":{}},"7924418359578431505":{"type":"shopify:\/\/apps\/seoant-ai-seo\/blocks\/seoant-core\/8e57283b-dcb0-4f7b-a947-fb5c57a0d59d","disabled":false,"settings":{}},"6478312753674380289":{"type":"shopify:\/\/apps\/gempages-builder\/blocks\/embed-gp-script-head\/20b379d4-1b20-474c-a6ca-665c331919f3","disabled":true,"settings":{}},"14634609474538694927":{"type":"shopify:\/\/apps\/fether\/blocks\/widget-embed\/f96a0d1a-35b8-40ef-ad54-1cb7fb011e11","disabled":false,"settings":{}},"1232542678405107163":{"type":"shopify:\/\/apps\/instafeed\/blocks\/head-block\/c447db20-095d-4a10-9725-b5977662c9d5","disabled":false,"settings":{}},"10508887350528622030":{"type":"shopify:\/\/apps\/appstle-bundles\/blocks\/appstle-bundle\/8909921b-2d24-4d68-9b12-9d045d3dcb0a","disabled":false,"settings":{}},"3979034072534932226":{"type":"shopify:\/\/apps\/metashop-insta-fb\/blocks\/app-embed\/a2ba3b6f-1992-4528-a81d-226ccc4d2a86","disabled":false,"settings":{}},"12526071353035850722":{"type":"shopify:\/\/apps\/amp-back-in-stock\/blocks\/app-embed\/bfa6a8c4-24e2-411a-9396-e35031b33f34","disabled":true,"settings":{}},"17358055905179640630":{"type":"shopify:\/\/apps\/ajax-cart-pro-smart-purchase\/blocks\/app-embed\/dde44d35-a80c-4c74-bb66-dfefcaeab802","disabled":false,"settings":{}}}},"platform_customizations":{"custom_css":["\/* ----- HEADER BORDER FIX ----- *\/.header:not(.header--transparent) {border-bottom: 1px solid rgba(107, 140, 158, 0.15) !important; box-shadow: none !important;}"," \/* For sticky header on scroll *\/.header--sticky {border-bottom: 1px solid rgba(107, 140, 158, 0.15) !important;}"]}}