{"sections":{"main":{"type":"blog-template","blocks":{"1512730751906":{"type":"categories","settings":{"title":"BLOGS","content":"code, news, post-types"}},"1512732251738":{"type":"about","settings":{"title":"ABOUT","image":"","content":"Lorem ipsum dolor sit amet conse ctetur adipisicing elit, sed do eiusmod tempor incididunt ut labore et dolore magna aliqua. Ut enim ad minim veniam, quis nostrud exercitation ullamco laboris nisi ut aliquip ex ea commodo consequat. Duis aute irure dolor in reprehenderit.","banner_link":"","show_button":true,"button":"READ MORE"}},"1512734244328":{"type":"tags","settings":{"title":"TAGS","blog_tags_uppercase":true}},"1512735359647":{"type":"recent_post","settings":{"title":"RECENT POST","sidebar_recent_blog_name":"news","sidebar_recent_blog_count":"3","blog_show_tags":true,"blog_tags_uppercase":true,"blog_show_author":true,"blog_show_date":true,"show_comments":true,"truncate_excerpt":false,"truncate":"15","truncate_last_symbols":"..."}},"1512737701841":{"type":"newsletter","settings":{"title":"NEWSLETTER SIGNUP","content":"Sign up for our e-mail and be the first who know our special offers! Furthermore, we will give a 15% discount on the next order after you sign up.","form_text":"Enter your e-mail","button":"GET!"}}},"block_order":["1512730751906","1512732251738","1512734244328","1512735359647","1512737701841"],"settings":{"layout":"left_column","blog_list":"6","blog_show_tags":true,"blog_tags_uppercase":true,"blog_show_author":true,"blog_show_date":true,"show_comments":true,"blog_show_button":true,"truncate_excerpt":false,"truncate":"10","truncate_last_symbols":"..."}}},"order":["main"]}