{
  "sections": {
    "1530224149715": {
      "type": "index-section-revolution",
      "blocks": {
        "1530224173673": {
          "type": "slider_list",
          "settings": {
            "image": "shopify:\/\/shop_images\/beauty_health_soap_2.png",
            "banner_link": "",
            "position": "center",
            "imgpositionvertical": "center",
            "show_video": "no",
            "video_url": "",
            "loopvideo": false,
            "muted_video": true,
            "show_infoblock": "yes",
            "show_item_button": "yes",
            "infoposition": "center",
            "infoposition_v": "center",
            "textaligment": "center",
            "info_point": "351",
            "info_point_v": "-20",
            "textbackground_s": false,
            "textbackground_r": 6,
            "textbackground_c": "#f5efe6",
            "textbackground_a": "80",
            "text1": "Multipurpose",
            "text2": "Premium<br>\nShopify Theme",
            "text3": "30 skins, powerful features, great support, exclusive offer",
            "button_title": "SHOP NOW!",
            "button_link_size": "17",
            "button_link_top": "5",
            "button2": false,
            "banner_link2": "",
            "button_title2": "SHOP NOW!",
            "color_text1": "#2879fe",
            "color_text2": "#f5efe6",
            "color_text3": "#ffffff",
            "color_textbase": "#ffffff",
            "color_bgbase": "#2879fe",
            "color_textactive": "#ffffff",
            "color_bgactive": "#2267d8",
            "color_textbase2": "#ffffff",
            "color_bgbase2": "#2879fe",
            "color_textactive2": "#ffffff",
            "color_bgactive2": "#2267d8",
            "btn_custom_styles": "",
            "btn_custom_styles_hover": "",
            "show_customhtml": "no",
            "code": "<img src=\"\/\/cdn.shopify.com\/s\/files\/1\/0130\/5041\/3114\/files\/home1_01.png?v=1530224249\" alt=\"slide1\" data-bgposition=\"center center\" data-bgfit=\"cover\" data-bgrepeat=\"no-repeat\"><div class=\"tp-caption tp-caption1 lfb stb text-center\" data-x=\"center\" data-y=\"center\" data-hoffset=\"0\" data-voffset=\"-20\" data-speed=\"600\" data-start=\"900\" data-easing=\"Power4.easeOut\" data-endeasing=\"Power4.easeIn\">\n<div class=\"tp-caption1-wd-1\">Multi-Purpose<\/div>\n<div class=\"tp-caption1-wd-2\">Premium<br>Shopify Theme<\/div>\n<div class=\"tp-caption1-wd-3\">30 skins, powerful features, great support, exclusive offer<\/div>\n<div class=\"tp-caption1-wd-4\"><a href=\"#\" class=\"btn btn-xl\" data-text=\"SHOP NOW!\">SHOP NOW!<\/a><\/div>\n<\/div>",
            "show_mask": false,
            "show_mask_color": "#191919",
            "show_mask_alpha": 30
          }
        }
      },
      "block_order": [
        "1530224173673"
      ],
      "settings": {
        "top_offset": "none",
        "usebanner": "none",
        "fullwidth": true,
        "bg_round_r": 6,
        "img_fullscreen": true,
        "customwidthvalue": "1180",
        "customheightvalue": "650",
        "delay_time": "16000",
        "use_same_desc_width": true,
        "same_width": "330",
        "show_border": true,
        "border_color": "#e9e7e7",
        "bg_round": 6
      }
    },
    "1521704967763": {
      "type": "index-section-construction_banners",
      "settings": {
        "top_offset": "small",
        "custom_classes": "",
        "fullwidth": true,
        "nopaddings": false,
        "bannerstoshow": "6",
        "show_title": false,
        "title_to_left": false,
        "boxed_title": false,
        "text1": "POPULAR",
        "text2": "CLOTHING BRANDS",
        "description_size": "small",
        "animation": "simple",
        "position": "normal",
        "zoomimageeffect": false,
        "use_same_desc_width": false,
        "same_width": "330",
        "show_border": false,
        "border_color": "#e9e7e7",
        "bg_round": 6,
        "arrowdesign": "arrleft",
        "module_autoplay": false,
        "delay_time": "4000",
        "arrco": "#ffffff",
        "bgco": "#191919",
        "bg_alpha": "30",
        "arrcoa": "#ffffff",
        "bgcoa": "#2879fe",
        "bg_alphaa": "100"
      }
    },
    "1521705177678": {
      "type": "index-section-products",
      "settings": {
        "top_offset": "normal",
        "custom_classes": "",
        "fullwidth": false,
        "nopaddings": false,
        "hideallelementsonindex": false,
        "show_title": true,
        "title_to_left": false,
        "boxed_title": false,
        "text1": "BEST SELLER",
        "text2": "TOP PRODUCTS OF THIS WEEK",
        "text3": "",
        "use_title_as_link": true,
        "show_button": false,
        "button_text": "SHOW ALL",
        "collection": "trending",
        "items_always_in_center": false,
        "limit": "8",
        "items": "3",
        "default_carousel": false,
        "boxed_buttons": false,
        "show_oneproduct_in_mobile": false,
        "use_adaptive_height": true,
        "toshow": "4",
        "step": "2",
        "module_autoplay": false,
        "delay_time": "7000"
      }
    },
    "1521705207815": {
      "type": "index-section-simple_banners",
      "settings": {
        "top_offset": "normal",
        "custom_classes": "",
        "fullwidth": true,
        "nopaddings": false,
        "minus20": false,
        "items": "4",
        "show_title": false,
        "title_to_left": false,
        "boxed_title": false,
        "text1": "POPULAR",
        "text2": "CLOTHING BRANDS",
        "description_size": "small",
        "animation": "simple",
        "position": "normal",
        "zoomimageeffect": false,
        "use_same_desc_width": false,
        "same_width": "330",
        "show_border": false,
        "border_color": "#e9e7e7",
        "bg_round": 6
      }
    },
    "1521705360339": {
      "type": "index-section-products",
      "settings": {
        "top_offset": "normal",
        "custom_classes": "",
        "fullwidth": false,
        "nopaddings": false,
        "hideallelementsonindex": false,
        "show_title": true,
        "title_to_left": false,
        "boxed_title": false,
        "text1": "TRENDING",
        "text2": "TOP WISHES OF THIS WEEK",
        "text3": "",
        "use_title_as_link": true,
        "show_button": false,
        "button_text": "SHOW ALL",
        "collection": "best-seller",
        "items_always_in_center": false,
        "limit": "8",
        "items": "3",
        "default_carousel": false,
        "boxed_buttons": false,
        "show_oneproduct_in_mobile": false,
        "use_adaptive_height": true,
        "toshow": "4",
        "step": "2",
        "module_autoplay": false,
        "delay_time": "7000"
      }
    },
    "1521705369018": {
      "type": "index-section-blog",
      "settings": {
        "top_offset": "normal",
        "custom_classes": "",
        "fullwidth": false,
        "show_title": true,
        "title_to_left": false,
        "boxed_title": false,
        "text1": "LATEST FROM BLOG",
        "text2": "THE FRESHEST AND MOST EXCITING NEWS",
        "text3": "",
        "use_title_as_link": true,
        "button_text": "SHOW ALL",
        "blog": "news",
        "limit": "3",
        "items": "4",
        "show_tags": true,
        "blog_show_author": true,
        "blog_show_date": true,
        "show_comment": true,
        "show_description": true,
        "truncate_excerpt": false,
        "truncate": "15",
        "truncate_last_symbols": "..."
      }
    },
    "1521705420393": {
      "type": "index-section-iconbanners",
      "blocks": {
        "1521705420393-1": {
          "type": "item",
          "settings": {
            "link": "",
            "show_icon": "icon",
            "icon": "icon-f-35",
            "text1": "SUPPORT 24\/7",
            "text2": "Contact us 24 hours a day, 7 days a week",
            "icon_color": "#2879fe"
          }
        },
        "1521705420393-2": {
          "type": "item",
          "settings": {
            "link": "",
            "show_icon": "icon",
            "icon": "icon-e-09",
            "text1": "RETURNS",
            "text2": "Due to the nature of soap we don't accept returns please contact us",
            "icon_color": "#2879fe"
          }
        },
        "1521705420393-0": {
          "type": "item",
          "settings": {
            "link": "",
            "show_icon": "icon",
            "icon": "icon-f-48",
            "text1": "FREE SHIPPING",
            "text2": "Free shipping on all US order or order above $49",
            "icon_color": "#2879fe"
          }
        }
      },
      "block_order": [
        "1521705420393-1",
        "1521705420393-2",
        "1521705420393-0"
      ],
      "settings": {
        "top_offset": "normal",
        "custom_classes": "",
        "fullwidth": false,
        "vertical": false,
        "items_always_in_center": false,
        "items": "4",
        "show_title": false,
        "title_to_left": false,
        "boxed_title": false,
        "text1": "Title",
        "text2": "Description",
        "main_title_color": "#191919",
        "main_desc_color": "#777777",
        "same_iconcolor": true,
        "icon_color": "#2879fe",
        "title_color": "#191919",
        "desc_color": "#777777",
        "title_hover_color": "#2879fe",
        "usebgcolor": false,
        "useboxedbgcolor": false,
        "bgco": "#ffffff",
        "bgdepad": "80",
        "bgdepad_2": "80",
        "bgmopad": "80",
        "bgmopad_2": "80"
      }
    },
    "1637251028b2e80b85": {
      "type": "index-section-big_banners",
      "settings": {
        "top_offset": "normal",
        "fullwidth": true
      }
    }
  },
  "order": [
    "1530224149715",
    "1521704967763",
    "1521705177678",
    "1521705207815",
    "1521705360339",
    "1521705369018",
    "1521705420393",
    "1637251028b2e80b85"
  ]
}
