{"sections":{"1530224149715":{"type":"index-section-revolution","blocks":{"1530224173673":{"type":"slider_list","settings":{"image":"shopify:\/\/shop_images\/Untitled_design_12.png","banner_link":"","position":"center","imgpositionvertical":"center","show_video":"no","video_url":"","loopvideo":false,"muted_video":true,"show_infoblock":"yes","show_item_button":"yes","infoposition":"center","infoposition_v":"center","textaligment":"center","info_point":"50","info_point_v":"-20","textbackground_s":false,"textbackground_r":6,"textbackground_c":"rgba(0,0,0,0)","textbackground_a":"80","text1":"<div style=\"background: #F5EFE6; padding: 25px; text-align: center; border-radius: 8px; margin: 20px auto; max-width: 800px;\">\n  <!-- Ohio Pride Header -->\n  <p style=\"color: #CC7350; font-size: 18px; margin: 0 0 20px 0;\">\n    ★ Handcrafted in Hamilton, Ohio ★\n  <\/p>\n\n  <!-- Main CTA -->\n  <a href=\"\/collections\/all\" style=\"\n    background: #8AA58D;\n    color: white;\n    padding: 16px 45px;\n    border-radius: 30px;\n    font-size: 18px;\n    text-decoration: none;\n    display: inline-block;\n    margin: 0 0 15px 0;\n  \">\n    🧼 Shop Small-Batch Soaps\n  <\/a>\n\n  <!-- Founders Club CTA -->\n  <div style=\"margin: 20px 0;\">\n    <a href=\"\/apps\/subscriptions\/bb\/c4kzRkhc\" style=\"\n      color: #0D2C54;\n      border: 2px solid #CC7350;\n      padding: 10px 25px;\n      border-radius: 20px;\n      text-decoration: none;\n      font-weight: bold;\n    \">\n      🎁 Join Our Founders Club\n    <\/a>\n  <\/div>\n\n  <!-- Product Categories -->\n  <p style=\"color: #6B8C9E; font-size: 16px; margin: 15px 0 0 0;\">\n    Vegan • Candles • Skincare\n  <\/p>\n<\/div>","text2":"","text3":"","button_title":"","button_link_size":"17","button_link_top":"5","button2":false,"banner_link2":"","button_title2":"","color_text1":"#f5efe6","color_text2":"#f5efe6","color_text3":"#ffffff","color_textbase":"#ffffff","color_bgbase":"rgba(0,0,0,0)","color_textactive":"#ffffff","color_bgactive":"#2267d8","color_textbase2":"#ffffff","color_bgbase2":"#2879fe","color_textactive2":"#ffffff","color_bgactive2":"#2267d8","btn_custom_styles":"","btn_custom_styles_hover":"","show_customhtml":"no","code":"<img src=\"\/\/cdn.shopify.com\/s\/files\/1\/0130\/5041\/3114\/files\/home1_01.png?v=1530224249\" alt=\"slide1\" data-bgposition=\"center center\" data-bgfit=\"cover\" data-bgrepeat=\"no-repeat\"><div class=\"tp-caption tp-caption1 lfb stb text-center\" data-x=\"center\" data-y=\"center\" data-hoffset=\"0\" data-voffset=\"-20\" data-speed=\"600\" data-start=\"900\" data-easing=\"Power4.easeOut\" data-endeasing=\"Power4.easeIn\">\n<div class=\"tp-caption1-wd-1\">Multi-Purpose<\/div>\n<div class=\"tp-caption1-wd-2\">Premium<br>Shopify Theme<\/div>\n<div class=\"tp-caption1-wd-3\">30 skins, powerful features, great support, exclusive offer<\/div>\n<div class=\"tp-caption1-wd-4\"><a href=\"#\" class=\"btn btn-xl\" data-text=\"SHOP NOW!\">SHOP NOW!<\/a><\/div>\n<\/div>","show_mask":false,"show_mask_color":"#191919","show_mask_alpha":30}}},"block_order":["1530224173673"],"custom_css":[],"settings":{"top_offset":"none","usebanner":"none","fullwidth":true,"bg_round_r":0,"img_fullscreen":false,"customwidthvalue":"1900","customheightvalue":"600","delay_time":"16000","use_same_desc_width":false,"same_width":"330","show_border":false,"border_color":"#e9e7e7","bg_round":14}},"index_section_single_product_eAHnJ7":{"type":"index-section-single-product","settings":{"top_offset":"none","reverse":false,"show_title":false,"title_to_left":false,"titletext1":"Title","titletext2":"Description","product":"unscented-natural-soap-bar-hypoallergenic-fragrance-free","show_custom_text_1":true,"custom_text_1":"Special Offer","show_custom_text_2":true,"custom_text_2":"Bundle 4 for $20!","show_product_availability":true,"product_item_show_price":true,"product_item_show_small_description":true,"product_item_small_description":"Handcrafted in small batches in Ohio, our naturally scented soaps are made with skin-loving ingredients to soothe allergies and transform your daily routine.","show_variants_field_name":true,"variants_field_name":"Variants field name","product_item_show_button":true,"show_input":true,"loadercolor":"#e5e5e5","customtext1indet":0,"customtext1fontsize":24,"customtext1lineheight":32,"customtext1fontweight":500,"customtext2indet":0,"customtext2fontsize":48,"customtext2lineheight":58,"customtext2fontweight":600,"avaindent":30,"avafontsize":18,"avalineheight":24,"avafontweight":400,"prnameindent":4,"fontsize":30,"lineheight":40,"fontweight":500,"pricetextindet":0,"pricefontsize":48,"pricelineheight":65,"pricefontweight":600,"pricecrossout":true,"oldpricefontsize":24,"oldpricelineheight":38,"oldpricefontweight":400,"smalltextindet":14,"smalltextfontsize":18,"smalltextlineheight":24,"smalltextfontweight":400,"varindet":28,"varindetbottom":3,"varfontsize":18,"varlineheight":24,"varfontweight":400,"varfieldfontsize":18,"varfieldfontweight":400,"formheight":50,"formpaddingtop":8,"buttonindet":30,"buttonheight":50,"countfontsize":24,"countfontweight":600,"countpaddingtop":4,"buttonfontsize":14,"buttonfontweight":600,"center_mobile":false,"customtext1indet_mob":0,"customtext1fontsize_mob":24,"customtext1lineheight_mob":32,"customtext2indet_mob":0,"customtext2fontsize_mob":36,"customtext2lineheight_mob":50,"prnameindent_mob":4,"fontsize_mob":30,"lineheight_mob":40,"pricetextindet_mob":0,"pricefontsize_mob":36,"pricelineheight_mob":50,"oldpricefontsize_mob":24,"oldpricelineheight_mob":38,"product_roundness":0,"customtext1co":"#191919","customtext2co":"#F8353E","avacot":"#191919","avaco":"#777777","prco":"#191919","prcoa":"#2879fe","priceco":"#2879FE","pricecon":"#F8353E","pricecoold":"#2879FE","textco":"#cc7350","vartitleco":"#191919","bg_form":"#FFFFFF","bg_form_bo":"#E9E7E7","bg_form_bo_s":1,"bg_form_text":"#bf0a30","bg_forma":"#ffffff","bg_form_boa":"#2879fe","bg_form_bo_sa":1,"bg_form_texta":"#777777","bg_form_text_counter":"#191919","bg_form_text_counter_sign":"#777777","bg_form_text_counter_signa":"#d8d8d8","bg_color":"#2879fe","cbtntext":"#ffffff","bg_color_a":"#191919","cbtntext_a":"#ffffff","btn_custom_styles":"","btn_custom_styles_hover":"","showcountdown":true,"cowndownindet":5,"countdowndaysfontsize":24,"countdowndayswordfontsize":16,"countdowndaysfontweight":600,"countdowndayswordfontweight":400,"counterpaddingtop":12,"counterpaddingbottom":11,"countdowndays":"#191919","countdowndaysword":"#191919","countbgcolor":"#f7f8fa","countcustomstyles":"","usebgcolor":false,"bgco":"#ffffff","bgdepad":"80","bgdepad_2":"80","bgmopad":"80","bgmopad_2":"80","showbgimage":false,"imagealign":"center","imagesize":"cover","usemiheight":false,"backgroundminheight3":"450","backgroundminheight2":"450","backgroundminheight1":"200"}},"1521705360339":{"type":"index-section-products","blocks":{"item_7er3gN":{"type":"item","settings":{"changecolor":false,"type_color":"#999999","type_color_hover":"#2879fe","stars_empty_color":"#d4d4d4","stars_active_color":"#ffb503","title_color":"#191919","title_color_hover":"#2879fe","smalldescription":"#777777","price_base":"#191919","price_new":"#f8353e","price_old":"#191919","opt_active_border":"#2879fe","opt_btn_bg":"#f7f8fa","opt_btn_text":"#777777","opt_btn_bg_hover":"#2879fe","opt_btn_text_hover":"#ffffff","btn_bg_color":"#2879fe","btn_text_color":"#ffffff","btn_bg_color_hover":"#2267d8","btn_text_color_hover":"#ffffff","btn_custom_styles":"","btn_custom_styles_hover":"","pr_action_bg":"#ffffff","pr_action_bg_opacity":90,"pr_action_icon":"#191919","pr_action_bg_hover":"#191919","pr_action_bg_opacity_hover":90,"pr_action_icon_hover":"#ffffff","pr_action_icon_mobile":"#191919","pr_action_icon_mobile_hover":"#2879fe","changecolorother":false,"main_title":"#191919","main_title_hover":"#2879fe","desc_title_color":"#777777","slider_arrow_bg":"#f7f8fa","slider_arrow_icon":"#191919","slider_arrow_bg_hover":"#2879fe","slider_arrow_icon_hover":"#ffffff","showmore_bg":"#ffffff","showmore_border":"#2267d8","showmore_text":"#2267d8","showmore_bg_hover":"#2267d8","showmore_border_hover":"#2267d8","showmore_text_hover":"#ffffff","usebgcolor":false,"bgco":"#ffffff","bgdepad":"80","bgdepad_2":"80","bgmopad":"80","bgmopad_2":"80","showbgimage":false,"imagealign":"center","imagesize":"cover","usemiheight":false,"backgroundminheight3":"450","backgroundminheight2":"450","backgroundminheight1":"200"}}},"block_order":["item_7er3gN"],"settings":{"top_offset":"normal","custom_classes":"","fullwidth":true,"nopaddings":true,"hideallelementsonindex":false,"show_title":true,"title_to_left":true,"boxed_title":true,"text1":"<h2 style=\"color: #0D2C54; font-size: 24px; margin: 25px 0 15px 0;\">\n  🏆 Customer Favorites: Bestselling Ohio Soaps\n<\/h2>\n<!-- Add product grid here -->","text2":"","text3":"","use_title_as_link":true,"show_button":true,"button_text":"SHOW ALL","collection":"best-seller","items_always_in_center":true,"limit":"8","items":"3","default_carousel":true,"boxed_buttons":false,"show_oneproduct_in_mobile":true,"use_adaptive_height":true,"toshow":"4","step":"2","module_autoplay":false,"delay_time":"7000"}},"1521705369018":{"type":"index-section-blog","settings":{"top_offset":"normal","custom_classes":"","fullwidth":false,"show_title":true,"title_to_left":false,"boxed_title":false,"text1":"LATEST FROM BLOG","text2":"THE FRESHEST AND MOST EXCITING NEWS","text3":"","use_title_as_link":true,"button_text":"SHOW ALL","blog":"news","limit":"3","items":"4","show_tags":true,"blog_show_author":true,"blog_show_date":true,"show_comment":true,"show_description":true,"truncate_excerpt":false,"truncate":"15","truncate_last_symbols":"..."}},"1521705420393":{"type":"index-section-iconbanners","blocks":{"1521705420393-1":{"type":"item","settings":{"link":"","show_icon":"icon","icon":"icon-f-35","text1":"SUPPORT 24\/7","text2":"Contact us 24 hours a day, 7 days a week","icon_color":"#2879fe"}},"1521705420393-2":{"type":"item","settings":{"link":"","show_icon":"icon","icon":"icon-e-09","text1":"RETURNS","text2":"Due to the nature of soap we don't accept returns please contact us","icon_color":"#2879fe"}},"1521705420393-0":{"type":"item","settings":{"link":"","show_icon":"icon","icon":"icon-f-48","text1":"FREE SHIPPING","text2":"Free shipping on all US order or order above $49","icon_color":"#2879fe"}}},"block_order":["1521705420393-1","1521705420393-2","1521705420393-0"],"settings":{"top_offset":"normal","custom_classes":"","fullwidth":false,"vertical":false,"items_always_in_center":false,"items":"4","show_title":false,"title_to_left":false,"boxed_title":false,"text1":"Title","text2":"Description","main_title_color":"#191919","main_desc_color":"#777777","same_iconcolor":true,"icon_color":"#2879fe","title_color":"#191919","desc_color":"#777777","title_hover_color":"#2879fe","usebgcolor":false,"useboxedbgcolor":false,"bgco":"#ffffff","bgdepad":"80","bgdepad_2":"80","bgmopad":"80","bgmopad_2":"80"}}},"order":["1530224149715","index_section_single_product_eAHnJ7","1521705360339","1521705369018","1521705420393"]}