{"order":["1530224149715","1521704967763","1521705177678","1521705207815","1521705360339","1521705369018","1521705420393","1637251028b2e80b85"],"sections":{"1521704967763":{"settings":{"animation":"simple","arrco":"#ffffff","arrcoa":"#ffffff","arrowdesign":"arrleft","bannerstoshow":"6","bg_alpha":"30","bg_alphaa":"100","bg_round":6,"bgco":"#191919","bgcoa":"#2879fe","border_color":"#e9e7e7","boxed_title":false,"custom_classes":"","delay_time":"4000","description_size":"small","fullwidth":true,"module_autoplay":false,"nopaddings":false,"position":"normal","same_width":"330","show_border":false,"show_title":false,"text1":"POPULAR","text2":"CLOTHING BRANDS","title_to_left":false,"top_offset":"small","use_same_desc_width":false,"zoomimageeffect":false},"type":"index-section-construction_banners"},"1521705177678":{"settings":{"boxed_buttons":false,"boxed_title":false,"button_text":"SHOW ALL","collection":"trending","custom_classes":"","default_carousel":false,"delay_time":"7000","fullwidth":false,"hideallelementsonindex":false,"items":"3","items_always_in_center":false,"limit":"8","module_autoplay":false,"nopaddings":false,"show_button":false,"show_oneproduct_in_mobile":false,"show_title":true,"step":"2","text1":"BEST SELLER","text2":"TOP PRODUCTS OF THIS WEEK","text3":"","title_to_left":false,"top_offset":"normal","toshow":"4","use_adaptive_height":true,"use_title_as_link":true},"type":"index-section-products"},"1521705207815":{"settings":{"animation":"simple","bg_round":6,"border_color":"#e9e7e7","boxed_title":false,"custom_classes":"","description_size":"small","fullwidth":true,"items":"4","minus20":false,"nopaddings":false,"position":"normal","same_width":"330","show_border":false,"show_title":false,"text1":"POPULAR","text2":"CLOTHING BRANDS","title_to_left":false,"top_offset":"normal","use_same_desc_width":false,"zoomimageeffect":false},"type":"index-section-simple_banners"},"1521705360339":{"settings":{"boxed_buttons":false,"boxed_title":false,"button_text":"SHOW ALL","collection":"best-seller","custom_classes":"","default_carousel":false,"delay_time":"7000","fullwidth":false,"hideallelementsonindex":false,"items":"3","items_always_in_center":false,"limit":"8","module_autoplay":false,"nopaddings":false,"show_button":false,"show_oneproduct_in_mobile":false,"show_title":true,"step":"2","text1":"TRENDING","text2":"TOP WISHES OF THIS WEEK","text3":"","title_to_left":false,"top_offset":"normal","toshow":"4","use_adaptive_height":true,"use_title_as_link":true},"type":"index-section-products"},"1521705369018":{"settings":{"blog":"news","blog_show_author":true,"blog_show_date":true,"boxed_title":false,"button_text":"SHOW ALL","custom_classes":"","fullwidth":false,"items":"4","limit":"3","show_comment":true,"show_description":true,"show_tags":true,"show_title":true,"text1":"LATEST FROM BLOG","text2":"THE FRESHEST AND MOST EXCITING NEWS","text3":"","title_to_left":false,"top_offset":"normal","truncate":"15","truncate_excerpt":false,"truncate_last_symbols":"...","use_title_as_link":true},"type":"index-section-blog"},"1521705420393":{"block_order":["1521705420393-1","1521705420393-2","1521705420393-0"],"blocks":{"1521705420393-0":{"settings":{"icon":"icon-f-48","icon_color":"#2879fe","link":"","show_icon":"icon","text1":"FREE SHIPPING","text2":"Free shipping on all US order or order above $49"},"type":"item"},"1521705420393-1":{"settings":{"icon":"icon-f-35","icon_color":"#2879fe","link":"","show_icon":"icon","text1":"SUPPORT 24/7","text2":"Contact us 24 hours a day, 7 days a week"},"type":"item"},"1521705420393-2":{"settings":{"icon":"icon-e-09","icon_color":"#2879fe","link":"","show_icon":"icon","text1":"RETURNS","text2":"Due to the nature of soap we don't accept returns please contact us"},"type":"item"}},"settings":{"bgco":"#ffffff","bgdepad":"80","bgdepad_2":"80","bgmopad":"80","bgmopad_2":"80","boxed_title":false,"custom_classes":"","desc_color":"#777777","fullwidth":false,"icon_color":"#2879fe","items":"4","items_always_in_center":false,"main_desc_color":"#777777","main_title_color":"#191919","same_iconcolor":true,"show_title":false,"text1":"Title","text2":"Description","title_color":"#191919","title_hover_color":"#2879fe","title_to_left":false,"top_offset":"normal","usebgcolor":false,"useboxedbgcolor":false,"vertical":false},"type":"index-section-iconbanners"},"1530224149715":{"block_order":["1530224173673"],"blocks":{"1530224173673":{"settings":{"banner_link":"","banner_link2":"","btn_custom_styles":"","btn_custom_styles_hover":"","button2":false,"button_link_size":"17","button_link_top":"5","button_title":"SHOP NOW!","button_title2":"SHOP NOW!","code":"\u003cimg src=\"//cdn.shopify.com/s/files/1/0130/5041/3114/files/home1_01.png?v=1530224249\" alt=\"slide1\" data-bgposition=\"center center\" data-bgfit=\"cover\" data-bgrepeat=\"no-repeat\"\u003e\u003cdiv class=\"tp-caption tp-caption1 lfb stb text-center\" data-x=\"center\" data-y=\"center\" data-hoffset=\"0\" data-voffset=\"-20\" data-speed=\"600\" data-start=\"900\" data-easing=\"Power4.easeOut\" data-endeasing=\"Power4.easeIn\"\u003e\n\u003cdiv class=\"tp-caption1-wd-1\"\u003eMulti-Purpose\u003c/div\u003e\n\u003cdiv class=\"tp-caption1-wd-2\"\u003ePremium\u003cbr\u003eShopify Theme\u003c/div\u003e\n\u003cdiv class=\"tp-caption1-wd-3\"\u003e30 skins, powerful features, great support, exclusive offer\u003c/div\u003e\n\u003cdiv class=\"tp-caption1-wd-4\"\u003e\u003ca href=\"#\" class=\"btn btn-xl\" data-text=\"SHOP NOW!\"\u003eSHOP NOW!\u003c/a\u003e\u003c/div\u003e\n\u003c/div\u003e","color_bgactive":"#2267d8","color_bgactive2":"#2267d8","color_bgbase":"#2879fe","color_bgbase2":"#2879fe","color_text1":"#2879fe","color_text2":"#f5efe6","color_text3":"#ffffff","color_textactive":"#ffffff","color_textactive2":"#ffffff","color_textbase":"#ffffff","color_textbase2":"#ffffff","image":"shopify://shop_images/beauty_health_soap_2.png","imgpositionvertical":"center","info_point":"351","info_point_v":"-20","infoposition":"center","infoposition_v":"center","loopvideo":false,"muted_video":true,"position":"center","show_customhtml":"no","show_infoblock":"yes","show_item_button":"yes","show_mask":false,"show_mask_alpha":30,"show_mask_color":"#191919","show_video":"no","text1":"Multipurpose","text2":"Premium\u003cbr\u003e\nShopify Theme","text3":"30 skins, powerful features, great support, exclusive offer","textaligment":"center","textbackground_a":"80","textbackground_c":"#f5efe6","textbackground_r":6,"textbackground_s":false,"video_url":""},"type":"slider_list"}},"settings":{"bg_round":6,"bg_round_r":6,"border_color":"#e9e7e7","customheightvalue":"650","customwidthvalue":"1180","delay_time":"16000","fullwidth":true,"img_fullscreen":true,"same_width":"330","show_border":true,"top_offset":"none","use_same_desc_width":true,"usebanner":"none"},"type":"index-section-revolution"},"1637251028b2e80b85":{"settings":{"fullwidth":true,"top_offset":"normal"},"type":"index-section-big_banners"}}}