{"sections":{"main":{"type":"list-collections-template","blocks":{"1513851533642":{"type":"collection","settings":{"collection":"trending","external_link":false,"link":"","usecollectionimage":false,"image":"shopify:\/\/shop_images\/listing_01.jpg","text_to_left":false,"description_size":"use_main_size","animation":"use_main_animation","position":"use_main_position","custom_name":"SHIRTS &AMP; TOPS","cbtntext":"#191919","acbtntext":"#ffffff","cbtnbg":"#ffffff","background_alpha":"90","acbtnbg":"#2879fe","background_alpha_a":"90"}},"1513852664075":{"type":"collection","settings":{"collection":"womens","external_link":false,"link":"","usecollectionimage":false,"image":"shopify:\/\/shop_images\/listing_02.jpg","text_to_left":false,"description_size":"use_main_size","animation":"use_main_animation","position":"use_main_position","custom_name":"DRESSES","cbtntext":"#191919","acbtntext":"#ffffff","cbtnbg":"#ffffff","background_alpha":"90","acbtnbg":"#2879fe","background_alpha_a":"90"}},"1513852666186":{"type":"collection","settings":{"collection":"trending","external_link":false,"link":"","usecollectionimage":false,"image":"shopify:\/\/shop_images\/listing_03.jpg","text_to_left":false,"description_size":"use_main_size","animation":"use_main_animation","position":"use_main_position","custom_name":"SWEATERS","cbtntext":"#191919","acbtntext":"#ffffff","cbtnbg":"#ffffff","background_alpha":"90","acbtnbg":"#2879fe","background_alpha_a":"90"}},"1513852667391":{"type":"collection","settings":{"collection":"trending","external_link":false,"link":"","usecollectionimage":false,"image":"shopify:\/\/shop_images\/listing_04.jpg","text_to_left":false,"description_size":"use_main_size","animation":"use_main_animation","position":"use_main_position","custom_name":"POLO SHIRTS","cbtntext":"#191919","acbtntext":"#ffffff","cbtnbg":"#ffffff","background_alpha":"90","acbtnbg":"#2879fe","background_alpha_a":"90"}},"1513936125529":{"type":"collection","settings":{"collection":"womens","external_link":false,"link":"","usecollectionimage":false,"image":"shopify:\/\/shop_images\/listing_05.jpg","text_to_left":false,"description_size":"use_main_size","animation":"use_main_animation","position":"use_main_position","custom_name":"JACKETS","cbtntext":"#191919","acbtntext":"#ffffff","cbtnbg":"#ffffff","background_alpha":"90","acbtnbg":"#2879fe","background_alpha_a":"90"}},"1513936126631":{"type":"collection","settings":{"collection":"womens","external_link":false,"link":"","usecollectionimage":false,"image":"shopify:\/\/shop_images\/listing_06.jpg","text_to_left":false,"description_size":"use_main_size","animation":"use_main_animation","position":"use_main_position","custom_name":"PANTS","cbtntext":"#191919","acbtntext":"#ffffff","cbtnbg":"#ffffff","background_alpha":"90","acbtnbg":"#2879fe","background_alpha_a":"90"}},"1513936127688":{"type":"collection","settings":{"collection":"womens","external_link":false,"link":"","usecollectionimage":false,"image":"shopify:\/\/shop_images\/listing_07.jpg","text_to_left":false,"description_size":"use_main_size","animation":"use_main_animation","position":"use_main_position","custom_name":"SHOES","cbtntext":"#191919","acbtntext":"#ffffff","cbtnbg":"#ffffff","background_alpha":"90","acbtnbg":"#2879fe","background_alpha_a":"90"}},"1513936128576":{"type":"collection","settings":{"collection":"womens","external_link":false,"link":"","usecollectionimage":false,"image":"shopify:\/\/shop_images\/listing_08.jpg","text_to_left":false,"description_size":"use_main_size","animation":"use_main_animation","position":"use_main_position","custom_name":"HATS","cbtntext":"#191919","acbtntext":"#ffffff","cbtnbg":"#ffffff","background_alpha":"90","acbtnbg":"#2879fe","background_alpha_a":"90"}}},"block_order":["1513851533642","1513852664075","1513852666186","1513852667391","1513936125529","1513936126631","1513936127688","1513936128576"],"settings":{"top_offset":"normal","fullwidth":false,"item_grid":"3","lineitem":"2","show_title":true,"show_blocks":true,"html":"","show_title_m":false,"title_to_left":false,"boxed_title":false,"text1":"POPULAR","text2":"CLOTHING BRANDS","description_size":"small","animation":"simple","position":"normal","bg_round":6}}},"order":["main"]}