{"sections":{"main":{"type":"contact-template","blocks":{"1513171308212":{"type":"map","settings":{"top":true,"fullwidth":false,"api":"","textx":"40.6700","texty":"-73.9400","zoom":"11","text2":"New York"}},"1513174782875":{"type":"icons","settings":{"show_block_1":true,"code1":"f-93","title1":"LET’S HAVE A CHAT!","cont1":"+777 2345 7885:<br>+777 2345 7886","code2":"f-24","show_block_2":true,"title2":"VISIT OUR LOCATION","cont2":"2548 Broaddus Maple Court Avenue,<br>Madisonville KY 4783,<br>United States of America","code3":"f-92","show_block_3":true,"title3":"WORK TIME","cont3":"7 Days a week<br>from 10 AM to 6 PM"}},"1513169442110":{"type":"contactform","settings":{}}},"block_order":["1513171308212","1513174782875","1513169442110"],"settings":{}}},"order":["main"]}