{"order":["main"],"sections":{"main":{"block_order":["1513760820453","1517579484161","1513761234395","1513761237522","1571175093640","1580737710022"],"blocks":{"1513760820453":{"settings":{"open_tab_by_default":true,"title":"DESCRIPTION"},"type":"tab_desc"},"1513761234395":{"settings":{"html":"\u003ctable class=\"tt-table-03\"\u003e\n\t\u003ctbody\u003e\n\t\t\u003ctr\u003e\n\t\t\t\u003ctd\u003eColor:\u003c/td\u003e\n\t\t\t\u003ctd\u003eBlue, Purple, White\u003c/td\u003e\n\t\t\u003c/tr\u003e\n\t\t\u003ctr\u003e\n\t\t\t\u003ctd\u003eSize:\u003c/td\u003e\n\t\t\t\u003ctd\u003e20, 24\u003c/td\u003e\n\t\t\u003c/tr\u003e\n\t\t\u003ctr\u003e\n\t\t\t\u003ctd\u003eMaterial:\u003c/td\u003e\n\t\t\t\u003ctd\u003e100% Polyester\u003c/td\u003e\n\t\t\u003c/tr\u003e\n\t\u003c/tbody\u003e\n\u003c/table\u003e","open_tab_by_default":false,"title":"ADDITIONAL INFORMATION"},"type":"tab_same_html"},"1513761237522":{"settings":{"open_tab_by_default":false,"title":"REVIEWS"},"type":"tab_review"},"1517579484161":{"settings":{"key":"Key name","open_tab_by_default":false,"title":"UNIQUE TAB"},"type":"tab_unique"},"1571175093640":{"settings":{"fullscreen":false,"product_upsell_collection_count":"8","slickdesktoptoshow":"4","title":"RELATED PRODUCTS","titleincenter":false},"type":"related_products_type2"},"1580737710022":{"settings":{"fullscreen":false,"product_upsell_collection_count":"8","slickdesktoptoshow":"4","title":"RECENTLY VIEWED PRODUCTS","titleincenter":false},"type":"recently_view_products"}},"settings":{"btnname":"\u003cspan class=\"icon-f-09\"\u003e\u003c/span\u003e Size guide","btnname2":"\u003cspan class=\"icon-f-44\"\u003e\u003c/span\u003e Shipping","btnname3":"\u003cspan class=\"icon-f-72\"\u003e\u003c/span\u003e Ask about this product","custom_related_fullscreen":false,"custom_related_length":"8","custom_related_slickdesktoptoshow":"4","custom_related_title":"CUSTOM PRODUCTS","custom_related_titleincenter":false,"designoption1":"getButtonHtml","designoption2":"getButtonHtml","designoption3":"getButtonHtml","full_width_description":"default","gallery_no_zoom":true,"gallery_scroll":true,"gallery_type":"vertical","history":true,"image_l":"shopify://shop_images/For_desktop.png","image_lm":"shopify://shop_images/For_mobile.png","image_max_width":"541","image_max_width_m":"541","mobiledots":true,"page_design":"product_page_1_design","popupcontent":"\u003ch6 class=\"tt-title\"\u003eSIZE GUIDE\u003c/h6\u003e\nThis is an approximate conversion table to help you find your size.\n\u003cdiv class=\"tt-table-responsive-md\"\u003e\n\t\u003ctable class=\"tt-table-modal-info\"\u003e\n\t\t\u003cthead\u003e\n\t\t\t\u003ctr\u003e\n\t\t\t\t\u003cth\u003eItalian\u003c/th\u003e\n\t\t\t\t\u003cth\u003eSpanish\u003c/th\u003e\n\t\t\t\t\u003cth\u003eGerman\u003c/th\u003e\n\t\t\t\t\u003cth\u003eUK\u003c/th\u003e\n\t\t\t\t\u003cth\u003eUS\u003c/th\u003e\n\t\t\t\t\u003cth\u003eJapanese\u003c/th\u003e\n\t\t\t\t\u003cth\u003eChinese\u003c/th\u003e\n\t\t\t\t\u003cth\u003eRussian\u003c/th\u003e\n\t\t\t\t\u003cth\u003eKorean\u003c/th\u003e\n\t\t\t\u003c/tr\u003e\n\t\t\u003c/thead\u003e\n\t\t\u003ctbody\u003e\n\t\t\t\u003ctr\u003e\n\t\t\t\t\u003ctd\u003e34\u003c/td\u003e\n\t\t\t\t\u003ctd\u003e30\u003c/td\u003e\n\t\t\t\t\u003ctd\u003e28\u003c/td\u003e\n\t\t\t\t\u003ctd\u003e4\u003c/td\u003e\n\t\t\t\t\u003ctd\u003e00\u003c/td\u003e\n\t\t\t\t\u003ctd\u003e3\u003c/td\u003e\n\t\t\t\t\u003ctd\u003e155/75A\u003c/td\u003e\n\t\t\t\t\u003ctd\u003e36\u003c/td\u003e\n\t\t\t\t\u003ctd\u003e44\u003c/td\u003e\n\t\t\t\u003c/tr\u003e\n\t\t\t\u003ctr\u003e\n\t\t\t\t\u003ctd\u003e36\u003c/td\u003e\n\t\t\t\t\u003ctd\u003e32\u003c/td\u003e\n\t\t\t\t\u003ctd\u003e30\u003c/td\u003e\n\t\t\t\t\u003ctd\u003e6\u003c/td\u003e\n\t\t\t\t\u003ctd\u003e0\u003c/td\u003e\n\t\t\t\t\u003ctd\u003e5\u003c/td\u003e\n\t\t\t\t\u003ctd\u003e155/80A\u003c/td\u003e\n\t\t\t\t\u003ctd\u003e38\u003c/td\u003e\n\t\t\t\t\u003ctd\u003e44\u003c/td\u003e\n\t\t\t\u003c/tr\u003e\n\t\t\t\u003ctr\u003e\n\t\t\t\t\u003ctd\u003e38\u003c/td\u003e\n\t\t\t\t\u003ctd\u003e34\u003c/td\u003e\n\t\t\t\t\u003ctd\u003e32\u003c/td\u003e\n\t\t\t\t\u003ctd\u003e8\u003c/td\u003e\n\t\t\t\t\u003ctd\u003e2\u003c/td\u003e\n\t\t\t\t\u003ctd\u003e7\u003c/td\u003e\n\t\t\t\t\u003ctd\u003e160/84A\u003c/td\u003e\n\t\t\t\t\u003ctd\u003e40\u003c/td\u003e\n\t\t\t\t\u003ctd\u003e55\u003c/td\u003e\n\t\t\t\u003c/tr\u003e\n\t\t\t\u003ctr\u003e\n\t\t\t\t\u003ctd\u003e40\u003c/td\u003e\n\t\t\t\t\u003ctd\u003e36\u003c/td\u003e\n\t\t\t\t\u003ctd\u003e34\u003c/td\u003e\n\t\t\t\t\u003ctd\u003e10\u003c/td\u003e\n\t\t\t\t\u003ctd\u003e4\u003c/td\u003e\n\t\t\t\t\u003ctd\u003e9\u003c/td\u003e\n\t\t\t\t\u003ctd\u003e165/88A\u003c/td\u003e\n\t\t\t\t\u003ctd\u003e42\u003c/td\u003e\n\t\t\t\t\u003ctd\u003e55\u003c/td\u003e\n\t\t\t\u003c/tr\u003e\n\t\t\t\u003ctr\u003e\n\t\t\t\t\u003ctd\u003e42\u003c/td\u003e\n\t\t\t\t\u003ctd\u003e38\u003c/td\u003e\n\t\t\t\t\u003ctd\u003e36\u003c/td\u003e\n\t\t\t\t\u003ctd\u003e12\u003c/td\u003e\n\t\t\t\t\u003ctd\u003e6\u003c/td\u003e\n\t\t\t\t\u003ctd\u003e11\u003c/td\u003e\n\t\t\t\t\u003ctd\u003e170/92A\u003c/td\u003e\n\t\t\t\t\u003ctd\u003e44\u003c/td\u003e\n\t\t\t\t\u003ctd\u003e66\u003c/td\u003e\n\t\t\t\u003c/tr\u003e\n\t\t\t\u003ctr\u003e\n\t\t\t\t\u003ctd\u003e44\u003c/td\u003e\n\t\t\t\t\u003ctd\u003e40\u003c/td\u003e\n\t\t\t\t\u003ctd\u003e38\u003c/td\u003e\n\t\t\t\t\u003ctd\u003e14\u003c/td\u003e\n\t\t\t\t\u003ctd\u003e8\u003c/td\u003e\n\t\t\t\t\u003ctd\u003e13\u003c/td\u003e\n\t\t\t\t\u003ctd\u003e175/96A\u003c/td\u003e\n\t\t\t\t\u003ctd\u003e46\u003c/td\u003e\n\t\t\t\t\u003ctd\u003e66\u003c/td\u003e\n\t\t\t\u003c/tr\u003e\n\t\t\t\u003ctr\u003e\n\t\t\t\t\u003ctd\u003e46\u003c/td\u003e\n\t\t\t\t\u003ctd\u003e42\u003c/td\u003e\n\t\t\t\t\u003ctd\u003e40\u003c/td\u003e\n\t\t\t\t\u003ctd\u003e16\u003c/td\u003e\n\t\t\t\t\u003ctd\u003e10\u003c/td\u003e\n\t\t\t\t\u003ctd\u003e15\u003c/td\u003e\n\t\t\t\t\u003ctd\u003e170/98A\u003c/td\u003e\n\t\t\t\t\u003ctd\u003e48\u003c/td\u003e\n\t\t\t\t\u003ctd\u003e77\u003c/td\u003e\n\t\t\t\u003c/tr\u003e\n\t\t\t\u003ctr\u003e\n\t\t\t\t\u003ctd\u003e48\u003c/td\u003e\n\t\t\t\t\u003ctd\u003e44\u003c/td\u003e\n\t\t\t\t\u003ctd\u003e42\u003c/td\u003e\n\t\t\t\t\u003ctd\u003e18\u003c/td\u003e\n\t\t\t\t\u003ctd\u003e12\u003c/td\u003e\n\t\t\t\t\u003ctd\u003e17\u003c/td\u003e\n\t\t\t\t\u003ctd\u003e170/100B\u003c/td\u003e\n\t\t\t\t\u003ctd\u003e50\u003c/td\u003e\n\t\t\t\t\u003ctd\u003e77\u003c/td\u003e\n\t\t\t\u003c/tr\u003e\n\t\t\t\u003ctr\u003e\n\t\t\t\t\u003ctd\u003e50\u003c/td\u003e\n\t\t\t\t\u003ctd\u003e46\u003c/td\u003e\n\t\t\t\t\u003ctd\u003e44\u003c/td\u003e\n\t\t\t\t\u003ctd\u003e20\u003c/td\u003e\n\t\t\t\t\u003ctd\u003e14\u003c/td\u003e\n\t\t\t\t\u003ctd\u003e19\u003c/td\u003e\n\t\t\t\t\u003ctd\u003e175/100B\u003c/td\u003e\n\t\t\t\t\u003ctd\u003e52\u003c/td\u003e\n\t\t\t\t\u003ctd\u003e88\u003c/td\u003e\n\t\t\t\u003c/tr\u003e\n\t\t\t\u003ctr\u003e\n\t\t\t\t\u003ctd\u003e52\u003c/td\u003e\n\t\t\t\t\u003ctd\u003e48\u003c/td\u003e\n\t\t\t\t\u003ctd\u003e46\u003c/td\u003e\n\t\t\t\t\u003ctd\u003e22\u003c/td\u003e\n\t\t\t\t\u003ctd\u003e16\u003c/td\u003e\n\t\t\t\t\u003ctd\u003e21\u003c/td\u003e\n\t\t\t\t\u003ctd\u003e180/104B\u003c/td\u003e\n\t\t\t\t\u003ctd\u003e54\u003c/td\u003e\n\t\t\t\t\u003ctd\u003e88\u003c/td\u003e\n\t\t\t\u003c/tr\u003e\n\t\t\u003c/tbody\u003e\n\t\u003c/table\u003e\n\u003c/div\u003e","popupcontentshipping":"\u003ch6 class=\"tt-title\"\u003eSHIPPING\u003c/h6\u003e\n\u003cul\u003e\n\t\u003cli\u003eComplimentary ground shipping within 1 to 7 business days\u003c/li\u003e\n\t\u003cli\u003eIn-store collection available within 1 to 7 business days\u003c/li\u003e\n\t\u003cli\u003eNext-day and Express delivery options also available\u003c/li\u003e\n\t\u003cli\u003ePurchases are delivered in an orange box tied with a Bolduc ribbon, with the exception of certain items\u003c/li\u003e\n\t\u003cli\u003eSee the delivery FAQs for details on shipping methods, costs and delivery times\u003c/li\u003e\n\u003c/ul\u003e\n\u003ch6 class=\"tt-title\"\u003eRETURNS AND EXCHANGES\u003c/h6\u003e\n\u003cul\u003e\n\t\u003cli\u003eEasy and complimentary, within 14 days\u003c/li\u003e\n\t\u003cli\u003eSee conditions and procedure in our return FAQs\u003c/li\u003e\n\u003c/ul\u003e","product_item_show_compare":true,"product_item_show_wishlist":true,"product_tab_tags":"Vintage, Awesome, Summer, Beachwear, Sunglasses, Winter, Shorts, Cool, Nice","prpage_tree_col_html":"\u003cdiv class=\"tt-services-aside\"\u003e\n\t\u003ca href=\"#\" class=\"tt-services-block\"\u003e\n\t\t\u003cdiv class=\"tt-col-icon\"\u003e\n\t\t\t\u003ci class=\"icon-f-48\"\u003e\u003c/i\u003e\n\t\t\u003c/div\u003e\n\t\t\u003cdiv class=\"tt-col-description\"\u003e\n\t\t\t\u003ch4 class=\"tt-title\"\u003eFREE SHIPPING\u003c/h4\u003e\n\t\t\t\u003cp\u003eFree shipping on all US order or order above $99\u003c/p\u003e\n\t\t\u003c/div\u003e\n\t\u003c/a\u003e\n\t\u003ca href=\"#\" class=\"tt-services-block\"\u003e\n\t\t\u003cdiv class=\"tt-col-icon\"\u003e\n\t\t\t\u003ci class=\"icon-f-35\"\u003e\u003c/i\u003e\n\t\t\u003c/div\u003e\n\t\t\u003cdiv class=\"tt-col-description\"\u003e\n\t\t\t\u003ch4 class=\"tt-title\"\u003eSUPPORT 24/7\u003c/h4\u003e\n\t\t\t\u003cp\u003eContact us 24 hours a day, 7 days a week\u003c/p\u003e\n\t\t\u003c/div\u003e\n\t\u003c/a\u003e\n\t\u003ca href=\"#\" class=\"tt-services-block\"\u003e\n\t\t\u003cdiv class=\"tt-col-icon\"\u003e\n\t\t\t\u003ci class=\"icon-e-09\"\u003e\u003c/i\u003e\n\t\t\u003c/div\u003e\n\t\t\u003cdiv class=\"tt-col-description\"\u003e\n\t\t\t\u003ch4 class=\"tt-title\"\u003e30 DAYS RETURN\u003c/h4\u003e\n\t\t\t\u003cp\u003eSimply return it within 30 days for an exchange.\u003c/p\u003e\n\t\t\u003c/div\u003e\n\t\u003c/a\u003e\n\u003c/div\u003e","show_badge_featured":true,"show_badge_new":true,"show_custom_related":true,"show_message":true,"show_product_barcode":true,"show_product_info":true,"show_product_main_info":true,"show_product_tags":true,"show_product_type":true,"show_product_vendor":true,"show_qiantity":true,"show_review":true,"show_share_buttons":true,"show_shipping":true,"show_sizechart":true,"show_sku":true,"show_tax_text":true,"show_thumbnails":true,"show_thumbnails_arrows":true,"show_thumbnails_zoom":true,"show_trust_badge":true,"stickygallery":true,"use_select_button":false},"type":"product-template"}}}