{"sections":{"main":{"type":"product-template","blocks":{"1513760820453":{"type":"tab_desc","settings":{"title":"DESCRIPTION","open_tab_by_default":true}},"1517579484161":{"type":"tab_unique","settings":{"key":"Key name","title":"UNIQUE TAB","open_tab_by_default":false}},"1513761237522":{"type":"tab_review","settings":{"title":"REVIEWS","open_tab_by_default":false}},"1571175093640":{"type":"related_products_type2","settings":{"fullscreen":false,"titleincenter":false,"title":"RELATED PRODUCTS","product_upsell_collection_count":"8","slickdesktoptoshow":"4"}},"1580737710022":{"type":"recently_view_products","settings":{"fullscreen":false,"titleincenter":false,"title":"RECENTLY VIEWED PRODUCTS","product_upsell_collection_count":"8","slickdesktoptoshow":"4"}}},"block_order":["1513760820453","1517579484161","1513761237522","1571175093640","1580737710022"],"settings":{"page_design":"product_page_1_design","full_width_description":"default","history":true,"show_badge_new":true,"show_badge_featured":true,"show_review":true,"show_share_buttons":true,"show_tax_text":true,"use_select_button":true,"gallery_no_zoom":true,"gallery_scroll":true,"stickygallery":true,"mobiledots":true,"gallery_type":"vertical","show_thumbnails":true,"show_thumbnails_arrows":true,"show_thumbnails_zoom":true,"show_product_main_info":true,"show_sku":false,"show_qiantity":true,"show_trust_badge":true,"image_max_width":"541","image_max_width_m":"541","designoption1":"getButtonHtml","designoption2":"getButtonHtml","designoption3":"getButtonHtml","show_product_info":false,"show_product_vendor":false,"show_product_type":true,"show_product_barcode":false,"show_product_tags":true,"product_tab_tags":"Vintage, Awesome, Summer, Beachwear, Sunglasses, Winter, Shorts, Cool, Nice","product_item_show_wishlist":true,"product_item_show_compare":true,"show_sizechart":false,"btnname":"<span class=\"icon-f-09\"><\/span> Size guide","popupcontent":"<h6 class=\"tt-title\">SIZE GUIDE<\/h6>\nThis is an approximate conversion table to help you find your size.\n<div class=\"tt-table-responsive-md\">\n\t<table class=\"tt-table-modal-info\">\n\t\t<thead>\n\t\t\t<tr>\n\t\t\t\t<th>Italian<\/th>\n\t\t\t\t<th>Spanish<\/th>\n\t\t\t\t<th>German<\/th>\n\t\t\t\t<th>UK<\/th>\n\t\t\t\t<th>US<\/th>\n\t\t\t\t<th>Japanese<\/th>\n\t\t\t\t<th>Chinese<\/th>\n\t\t\t\t<th>Russian<\/th>\n\t\t\t\t<th>Korean<\/th>\n\t\t\t<\/tr>\n\t\t<\/thead>\n\t\t<tbody>\n\t\t\t<tr>\n\t\t\t\t<td>34<\/td>\n\t\t\t\t<td>30<\/td>\n\t\t\t\t<td>28<\/td>\n\t\t\t\t<td>4<\/td>\n\t\t\t\t<td>00<\/td>\n\t\t\t\t<td>3<\/td>\n\t\t\t\t<td>155\/75A<\/td>\n\t\t\t\t<td>36<\/td>\n\t\t\t\t<td>44<\/td>\n\t\t\t<\/tr>\n\t\t\t<tr>\n\t\t\t\t<td>36<\/td>\n\t\t\t\t<td>32<\/td>\n\t\t\t\t<td>30<\/td>\n\t\t\t\t<td>6<\/td>\n\t\t\t\t<td>0<\/td>\n\t\t\t\t<td>5<\/td>\n\t\t\t\t<td>155\/80A<\/td>\n\t\t\t\t<td>38<\/td>\n\t\t\t\t<td>44<\/td>\n\t\t\t<\/tr>\n\t\t\t<tr>\n\t\t\t\t<td>38<\/td>\n\t\t\t\t<td>34<\/td>\n\t\t\t\t<td>32<\/td>\n\t\t\t\t<td>8<\/td>\n\t\t\t\t<td>2<\/td>\n\t\t\t\t<td>7<\/td>\n\t\t\t\t<td>160\/84A<\/td>\n\t\t\t\t<td>40<\/td>\n\t\t\t\t<td>55<\/td>\n\t\t\t<\/tr>\n\t\t\t<tr>\n\t\t\t\t<td>40<\/td>\n\t\t\t\t<td>36<\/td>\n\t\t\t\t<td>34<\/td>\n\t\t\t\t<td>10<\/td>\n\t\t\t\t<td>4<\/td>\n\t\t\t\t<td>9<\/td>\n\t\t\t\t<td>165\/88A<\/td>\n\t\t\t\t<td>42<\/td>\n\t\t\t\t<td>55<\/td>\n\t\t\t<\/tr>\n\t\t\t<tr>\n\t\t\t\t<td>42<\/td>\n\t\t\t\t<td>38<\/td>\n\t\t\t\t<td>36<\/td>\n\t\t\t\t<td>12<\/td>\n\t\t\t\t<td>6<\/td>\n\t\t\t\t<td>11<\/td>\n\t\t\t\t<td>170\/92A<\/td>\n\t\t\t\t<td>44<\/td>\n\t\t\t\t<td>66<\/td>\n\t\t\t<\/tr>\n\t\t\t<tr>\n\t\t\t\t<td>44<\/td>\n\t\t\t\t<td>40<\/td>\n\t\t\t\t<td>38<\/td>\n\t\t\t\t<td>14<\/td>\n\t\t\t\t<td>8<\/td>\n\t\t\t\t<td>13<\/td>\n\t\t\t\t<td>175\/96A<\/td>\n\t\t\t\t<td>46<\/td>\n\t\t\t\t<td>66<\/td>\n\t\t\t<\/tr>\n\t\t\t<tr>\n\t\t\t\t<td>46<\/td>\n\t\t\t\t<td>42<\/td>\n\t\t\t\t<td>40<\/td>\n\t\t\t\t<td>16<\/td>\n\t\t\t\t<td>10<\/td>\n\t\t\t\t<td>15<\/td>\n\t\t\t\t<td>170\/98A<\/td>\n\t\t\t\t<td>48<\/td>\n\t\t\t\t<td>77<\/td>\n\t\t\t<\/tr>\n\t\t\t<tr>\n\t\t\t\t<td>48<\/td>\n\t\t\t\t<td>44<\/td>\n\t\t\t\t<td>42<\/td>\n\t\t\t\t<td>18<\/td>\n\t\t\t\t<td>12<\/td>\n\t\t\t\t<td>17<\/td>\n\t\t\t\t<td>170\/100B<\/td>\n\t\t\t\t<td>50<\/td>\n\t\t\t\t<td>77<\/td>\n\t\t\t<\/tr>\n\t\t\t<tr>\n\t\t\t\t<td>50<\/td>\n\t\t\t\t<td>46<\/td>\n\t\t\t\t<td>44<\/td>\n\t\t\t\t<td>20<\/td>\n\t\t\t\t<td>14<\/td>\n\t\t\t\t<td>19<\/td>\n\t\t\t\t<td>175\/100B<\/td>\n\t\t\t\t<td>52<\/td>\n\t\t\t\t<td>88<\/td>\n\t\t\t<\/tr>\n\t\t\t<tr>\n\t\t\t\t<td>52<\/td>\n\t\t\t\t<td>48<\/td>\n\t\t\t\t<td>46<\/td>\n\t\t\t\t<td>22<\/td>\n\t\t\t\t<td>16<\/td>\n\t\t\t\t<td>21<\/td>\n\t\t\t\t<td>180\/104B<\/td>\n\t\t\t\t<td>54<\/td>\n\t\t\t\t<td>88<\/td>\n\t\t\t<\/tr>\n\t\t<\/tbody>\n\t<\/table>\n<\/div>","show_shipping":true,"btnname2":"<span class=\"icon-f-44\"><\/span> Shipping","popupcontentshipping":"<h6 class=\"tt-title\">SHIPPING<\/h6>\n<ul>\n\t<li>Complimentary ground shipping within 1 to 7 business days<\/li>\n\t<li>In-store collection available within 1 to 7 business days<\/li>\n\t<li>Next-day and Express delivery options also available<\/li>\n\t<li>Purchases are delivered in an orange box tied with a Bolduc ribbon, with the exception of certain items<\/li>\n\t<li>See the delivery FAQs for details on shipping methods, costs and delivery times<\/li>\n<\/ul>\n<h6 class=\"tt-title\">RETURNS AND EXCHANGES<\/h6>\n<ul>\n\t<li>Due to the nature of soap we don't accept returns please contact us<\/li>\n<\/ul>","show_message":true,"btnname3":"<span class=\"icon-f-72\"><\/span> Ask about this product","prpage_tree_col_html":"<div class=\"tt-services-aside\">\n\t<a href=\"#\" class=\"tt-services-block\">\n\t\t<div class=\"tt-col-icon\">\n\t\t\t<i class=\"icon-f-48\"><\/i>\n\t\t<\/div>\n\t\t<div class=\"tt-col-description\">\n\t\t\t<h4 class=\"tt-title\">FREE SHIPPING<\/h4>\n\t\t\t<p>Free shipping on all US order or order above $49<\/p>\n\t\t<\/div>\n\t<\/a>\n\t<a href=\"#\" class=\"tt-services-block\">\n\t\t<div class=\"tt-col-icon\">\n\t\t\t<i class=\"icon-f-35\"><\/i>\n\t\t<\/div>\n\t\t<div class=\"tt-col-description\">\n\t\t\t<h4 class=\"tt-title\">SUPPORT 24\/7<\/h4>\n\t\t\t<p>Contact us 24 hours a day, 7 days a week<\/p>\n\t\t<\/div>\n\t<\/a>\n\t<a href=\"#\" class=\"tt-services-block\">\n\t\t<div class=\"tt-col-icon\">\n\t\t\t<i class=\"icon-e-09\"><\/i>\n\t\t<\/div>\n\t\t<div class=\"tt-col-description\">\n\t\t\t<h4 class=\"tt-title\">30 DAYS RETURN<\/h4>\n\t\t\t<p>Simply return it within 30 days for an exchange.<\/p>\n\t\t<\/div>\n\t<\/a>\n<\/div>","show_custom_related":true,"custom_related_fullscreen":false,"custom_related_titleincenter":false,"custom_related_title":"CUSTOM PRODUCTS","custom_related_length":"8","custom_related_slickdesktoptoshow":"4"}}},"order":["main"]}